bedrooms,bathrooms,sqft_living,floors,price
3,1.5,1340,1.5,313000
3,2.0,1930,1.0,342000
3,2.25,2000,1.0,420000
4,2.5,1940,1.0,550000
2,1.0,880,1.0,490000
2,2.0,1350,1.0,335000
4,2.5,2710,2.0,482000
3,2.5,2430,1.0,452500
4,2.0,1520,1.5,640000
3,1.75,1710,1.0,463000
3,1.75,2330,1.0,588500
3,1.0,1090,1.0,365000
3,1.5,1200,1.0,242500
3,1.5,1570,1.0,419000
4,3.0,3110,2.0,367500
3,1.75,1370,1.0,257950
3,1.5,1180,1.0,275000
3,1.75,2240,2.0,750000
4,1.0,1450,1.0,435000
3,2.25,1750,2.5,626000
4,2.5,2730,2.0,612500
4,1.75,1600,1.0,495000
3,2.5,2090,1.0,285000
3,1.75,2360,1.0,615000
4,2.25,2200,1.5,698000
5,2.5,2820,2.0,675000
3,2.5,2600,1.0,790000
4,1.75,1560,1.0,382500
4,2.5,2860,2.0,499950
4,2.0,1820,1.5,650000
4,2.5,2820,2.0,625000
4,2.5,3630,1.5,400000
3,2.5,3240,2.0,604000
2,1.0,800,1.0,440000
3,3.0,1850,1.0,287200
3,2.0,1960,1.0,403000
3,2.5,2390,1.0,750000
3,2.25,1580,1.0,335000
4,2.0,1480,1.0,260000
2,1.0,850,1.0,308500
3,2.5,1770,2.0,439950
2,1.0,1210,1.0,235000
3,1.0,1160,1.0,315000
3,2.25,1970,2.0,437500
3,2.5,1930,2.0,407500
3,2.5,1270,3.0,445700
4,2.5,3310,2.0,838000
4,2.75,2710,2.0,630000
3,1.75,2910,1.5,550000
3,2.0,2710,1.5,805000
3,1.75,1800,1.0,284000
5,2.5,2210,1.0,470000
4,1.5,1920,1.0,430000
4,1.75,2190,1.0,491500
5,3.25,3660,2.0,785000
3,3.25,1320,2.0,385000
2,2.5,1630,2.0,295000
4,2.5,3310,2.0,555000
3,2.5,2680,2.0,459990
4,3.25,2730,1.0,625000
3,2.5,2540,2.0,300000
4,2.75,2920,2.0,625000
2,1.0,900,1.0,553000
3,2.5,1650,1.0,379880
3,1.0,1010,1.0,310000
2,2.5,2680,1.0,775000
3,2.5,2200,1.0,365000
4,2.5,2530,2.0,331950
3,2.5,2850,2.0,783500
4,2.0,2280,1.0,628000
3,2.5,1900,2.0,560000
3,1.0,1330,1.0,900000
2,3.0,1270,2.0,531000
4,3.0,2170,2.0,831000
4,2.5,2730,2.0,780000
4,2.5,2120,1.0,755000
3,2.5,2490,2.0,705380
4,2.25,1990,1.0,627000
4,3.0,3690,2.0,865000
2,1.0,2540,1.0,580000
3,2.25,1800,1.0,410000
4,3.0,2340,1.0,485000
2,1.75,2110,1.0,400000
2,1.0,1140,1.0,549000
3,1.75,1480,2.5,620000
2,3.0,1410,2.0,405000
2,1.0,1200,1.0,232000
5,2.5,3180,2.0,800866
3,1.5,2160,1.0,650000
6,1.75,2920,2.5,823000
3,2.0,2350,1.5,770000
3,1.75,1560,1.0,524000
5,2.75,2740,1.0,541125
3,2.5,1680,3.0,670000
5,2.5,3090,1.0,384900
3,2.25,1410,3.0,406100
4,2.5,3180,2.0,736500
3,2.25,2010,1.0,570000
3,1.75,1330,1.0,787000
4,2.5,2370,2.0,328000
5,2.0,1840,1.0,435000
4,2.5,2910,2.0,499000
4,1.0,2070,1.0,501000
2,1.0,840,1.0,400000
4,1.5,1240,1.0,220000
4,1.0,1390,1.0,657100
4,2.75,2310,2.0,309950
3,2.0,1050,1.0,300000
5,1.75,2550,1.0,525888
4,1.75,2010,1.5,740000
5,1.0,1120,1.5,340000
3,2.5,2230,2.0,398750
2,1.0,810,1.0,206000
3,1.75,1670,1.0,600000
4,1.75,1970,1.0,379950
3,1.0,1450,1.0,287000
3,2.5,1880,2.0,309950
3,1.75,1880,1.0,600000
3,2.0,1410,1.5,418000
4,2.0,1480,1.5,449250
2,1.0,1140,1.5,329950
3,1.75,1920,1.0,245000
4,2.5,2910,2.0,549000
3,2.5,3240,2.0,800000
3,2.0,1550,1.0,249950
5,2.0,2050,1.0,210000
2,1.0,1770,1.5,585000
4,1.75,2300,1.0,615000
3,2.0,1800,1.0,618500
4,1.75,2010,1.0,487585
3,2.5,1790,2.0,509900
4,2.5,2440,2.0,631625
3,2.5,1940,2.0,555000
2,1.5,1160,2.0,340000
4,2.5,3400,2.0,830000
4,4.25,4420,2.0,890000
3,3.0,1571,3.0,366750
3,2.25,1620,2.5,415000
3,2.5,1408,3.0,416286
3,2.5,3040,2.0,478000
5,3.5,4490,2.0,890000
2,2.5,1590,2.0,419190
4,2.5,2450,2.0,712198
4,2.0,1440,1.0,397000
2,2.0,1100,1.5,450000
3,1.0,1350,1.0,353000
4,2.5,2150,2.0,609000
3,1.75,1490,1.0,234000
3,2.0,2000,2.0,561000
2,1.0,1030,1.0,469000
2,1.0,720,1.0,329350
5,2.0,2020,1.5,488000
3,1.75,1580,1.0,279900
4,2.5,2110,2.0,606000
4,2.0,1300,1.0,312000
3,1.5,1630,1.0,650000
4,2.5,1890,1.0,325000
4,2.0,1520,1.0,425000
2,1.0,900,1.0,219000
3,1.0,1050,1.0,250000
3,1.75,1260,1.0,390000
6,3.0,3470,1.5,475000
4,2.5,2290,2.0,736000
4,2.25,2810,1.0,407000
3,2.5,1650,2.0,272000
3,2.25,1640,1.0,362000
3,2.5,1850,2.0,535000
4,2.5,2000,2.0,284000
3,1.5,1410,1.0,367500
4,1.75,1500,1.0,379900
3,2.5,2460,2.0,520000
3,1.0,1010,1.0,175000
2,2.25,1230,2.0,460000
4,2.5,2331,2.0,345000
5,2.5,2240,1.0,455000
4,3.0,2450,1.0,610000
4,3.0,3100,2.0,563000
4,2.0,2060,1.0,612500
3,1.75,1850,1.0,218000
4,1.75,1840,1.0,404000
4,2.0,3740,2.0,860000
3,1.5,1420,1.0,136500
3,1.0,1510,1.0,313950
3,1.75,2130,1.0,575000
3,1.75,1630,1.0,280000
3,2.5,1790,2.0,515000
4,2.5,2000,2.0,513000
4,2.25,2260,2.0,599000
4,2.5,3030,2.0,685000
3,1.5,1310,1.0,365000
4,2.5,3880,2.0,762300
5,2.25,3040,2.0,562000
5,2.5,2910,1.0,530000
3,2.5,2970,1.0,525000
2,1.75,1660,1.0,484000
4,2.5,3200,2.0,725126
4,2.0,2680,1.0,360000
3,1.0,1230,1.0,387000
4,2.5,2740,2.0,483500
4,3.5,3380,2.0,655500
3,1.0,1110,1.0,345000
5,2.75,1800,1.5,533000
3,1.75,1900,1.0,385000
2,1.0,930,1.0,675000
3,1.75,1690,1.0,197000
3,2.0,1420,1.5,485000
3,2.25,1980,1.0,295000
2,1.75,1170,1.0,499000
3,1.5,800,1.0,191000
3,2.5,1480,3.0,500000
5,3.75,2890,1.0,390000
3,2.5,2690,3.0,979000
4,3.25,3569,2.0,580000
3,2.0,1270,3.0,369950
4,2.5,3040,2.0,776000
3,2.25,1170,3.0,519950
5,2.25,2060,1.0,255000
3,1.0,990,1.0,495000
4,2.5,2430,2.0,510000
3,1.75,1250,1.0,253000
3,2.75,1540,1.0,503000
3,2.5,1600,2.0,275000
3,1.0,1110,1.0,249000
3,1.75,1840,1.0,310000
3,2.75,2520,1.0,750000
3,2.5,2680,2.0,630000
9,4.5,3830,2.5,599999
4,2.75,2410,1.0,758000
4,1.75,1720,1.0,248500
3,1.75,2070,1.0,310000
3,2.0,1760,2.0,460000
3,1.75,1680,1.0,675000
2,2.0,1550,1.5,526000
3,3.0,4120,2.0,560000
4,3.0,1830,2.0,415000
3,1.0,1400,1.0,246000
3,1.75,1870,1.0,314500
2,1.5,1040,1.5,420000
3,1.75,2720,1.5,535000
3,1.0,1010,1.0,350000
3,1.75,1580,1.0,515000
4,2.75,2600,2.0,749950
3,2.5,1920,2.0,230000
3,2.0,2350,1.5,568000
1,1.0,1100,1.0,250000
4,2.0,2510,1.0,581000
3,2.5,3240,2.0,651000
3,2.5,2460,1.0,600000
2,1.0,1010,1.5,500000
2,1.0,820,1.0,475000
5,2.5,2420,1.0,352000
3,2.25,1770,2.0,420000
2,2.0,1350,1.0,428000
3,1.75,1960,1.0,599000
4,2.5,3305,1.5,492000
2,2.25,2550,1.0,630000
5,3.75,4130,2.0,900000
4,2.0,1650,1.0,575000
4,2.5,2650,1.5,705000
4,2.25,1890,1.0,940000
3,1.75,2190,1.0,313000
3,2.5,2030,2.0,618080
3,3.0,2270,2.0,640000
3,2.0,1610,1.0,485000
2,1.0,760,1.0,300000
2,1.0,1640,1.0,379500
3,2.25,1630,2.0,339950
3,2.5,1940,1.0,500000
3,2.0,1410,1.0,239900
3,1.0,1040,1.0,314950
2,1.0,820,1.0,361280
2,1.0,910,1.0,100000
7,5.75,3700,2.0,540000
4,2.5,2180,1.0,480500
3,2.5,1600,2.0,280000
3,1.75,1500,1.0,440000
3,1.0,1340,1.0,530000
3,2.0,1860,1.0,560000
3,2.0,2540,1.5,775000
2,1.0,1040,1.0,160000
3,1.5,1380,1.0,209950
3,1.75,1640,1.0,226500
5,1.75,3000,1.0,380000
4,2.75,2140,1.0,409500
3,2.0,1760,1.0,690000
3,2.25,1660,1.0,405000
3,2.5,1830,2.0,375000
4,2.0,2210,1.0,794154
4,1.0,1490,1.0,185000
3,1.5,1260,2.0,245000
2,2.5,1150,3.0,425000
4,2.75,2656,2.0,495000
5,2.75,2410,1.0,365000
3,2.25,1606,3.0,417250
2,1.0,820,3.0,339950
2,1.0,1540,1.0,615000
3,2.75,2090,2.0,403000
5,2.5,3160,1.0,980000
4,1.75,1730,1.0,258000
3,1.0,1670,1.0,533000
4,2.5,2550,2.0,537500
5,3.0,3040,1.0,830000
3,1.0,1250,1.5,712000
4,2.5,2020,2.0,262000
4,2.5,2660,2.0,753888
2,1.5,980,2.0,134000
3,2.5,1960,1.0,402000
2,1.0,720,1.0,205000
2,2.5,1360,2.0,553650
2,2.0,1870,1.0,559950
4,1.5,2130,1.0,260000
4,2.5,1810,2.0,270000
2,1.75,2200,1.0,295000
3,2.5,1690,1.5,719000
3,2.5,1940,1.0,266000
4,2.5,2320,2.0,325900
4,1.75,2060,1.0,647500
4,2.25,2250,2.0,569000
3,1.75,1390,1.0,246000
2,1.0,1060,1.0,515000
3,1.0,1490,1.0,207000
4,1.75,2480,1.0,780000
5,2.25,2440,1.5,489990
3,1.5,2240,1.5,335000
3,2.5,1920,2.0,295000
3,1.75,1890,1.0,385000
4,1.75,2250,1.0,350000
2,1.0,1270,1.0,235000
2,1.5,960,2.0,358000
4,2.5,3290,2.0,716500
4,1.75,2000,1.0,228000
2,1.0,1020,1.0,405000
4,1.75,1840,1.0,538000
3,1.75,1980,1.0,530000
2,1.75,1230,1.5,636000
4,2.5,2280,2.0,535000
3,2.5,2920,3.0,868500
4,2.75,2280,1.5,530000
3,2.0,1510,1.0,450000
3,1.75,950,1.0,230000
3,2.5,1190,2.0,229000
3,1.75,1310,1.0,437000
3,2.5,1750,2.0,595000
3,1.75,1320,1.5,660000
4,2.5,2460,2.0,347500
3,2.0,1240,1.0,297950
3,1.5,1260,1.0,245000
6,2.25,2820,1.5,543200
3,2.5,1540,3.0,413450
2,2.0,1550,1.5,330000
3,1.75,1460,1.0,424500
3,1.0,1390,1.0,230000
3,3.25,2640,2.0,930000
3,1.75,1590,1.0,349000
4,2.0,1910,1.5,835000
3,2.75,2015,2.0,988500
3,1.75,1410,3.0,500000
2,1.5,1110,2.0,499000
2,1.25,860,2.0,321950
3,2.5,2310,2.0,494000
2,1.5,1020,3.0,441750
2,1.0,980,2.0,438000
4,2.25,4230,2.0,985000
3,2.25,1640,1.0,352000
4,3.5,3810,1.0,839900
4,2.75,2790,2.0,765000
4,1.75,1750,1.5,460000
4,1.0,1430,1.5,224500
3,2.5,1850,2.0,254000
2,1.0,960,1.0,255000
3,3.0,2480,1.0,610000
4,3.0,3750,2.0,920000
4,2.5,2600,2.0,402500
3,1.75,1390,1.0,280950
4,2.5,2260,2.0,604000
4,2.25,2470,2.0,565000
2,1.0,810,1.0,255000
4,2.0,1650,1.0,445000
2,1.0,720,1.0,195000
3,1.5,1390,1.0,275000
3,2.25,1445,2.0,387000
2,1.0,1840,1.5,490000
3,2.5,2100,2.0,505000
3,1.5,1060,1.0,303500
3,1.5,1500,1.0,270000
4,2.75,1970,1.0,323000
3,3.25,1410,3.0,382000
4,2.0,2190,1.0,280000
3,2.0,1920,1.0,260000
3,1.0,1160,1.0,201500
4,1.75,2000,1.5,536500
4,3.0,2163,2.0,248000
5,3.0,3480,1.0,532000
4,2.5,2840,2.0,580000
2,1.0,1150,1.0,463000
4,2.75,3100,2.0,742500
3,2.5,1420,1.0,260000
4,2.25,2430,1.0,590000
4,2.25,1930,1.0,312000
3,2.25,1660,1.0,566000
3,2.0,1400,1.0,511555
4,2.5,2660,2.0,583000
4,2.5,2000,1.0,290000
4,2.25,2130,1.0,311100
3,2.25,1352,3.0,325000
3,1.75,1750,1.0,491300
5,1.75,2320,1.0,315000
2,1.0,1420,1.0,360000
4,2.5,1940,2.0,330000
3,2.0,1410,1.0,481450
3,1.0,1360,1.0,234950
3,1.75,1220,1.0,251000
4,2.5,2830,2.0,782000
4,2.75,3780,2.0,833000
4,2.5,2330,2.0,542500
3,2.5,3560,2.0,851000
4,1.5,1470,1.0,325000
4,2.25,3060,2.0,415000
3,1.0,1030,1.0,252500
4,2.5,1930,1.0,465000
3,1.75,1780,1.0,336900
3,2.5,2000,2.0,225000
3,2.0,1690,1.0,270000
3,1.75,1300,1.5,536000
4,3.25,2400,2.0,585000
2,2.0,1150,1.0,445000
4,2.25,2310,2.0,320000
4,3.5,2730,2.0,769900
4,2.5,2840,2.0,557000
2,1.5,1020,2.0,212000
3,2.0,1340,3.0,376000
4,3.25,3540,2.0,800000
3,2.25,998,2.0,324000
5,2.75,3060,1.0,549900
3,2.5,2130,2.0,320000
4,2.0,2520,1.0,875000
4,1.0,1940,1.0,265000
3,2.5,1350,3.0,394950
4,2.5,2160,2.5,842500
3,2.5,1370,2.0,368000
4,2.5,2830,2.0,885000
3,2.5,2010,2.0,453246
4,2.75,3300,2.0,927000
2,2.5,1230,2.0,490000
3,1.5,1720,1.5,341000
1,1.0,810,1.0,235000
3,2.0,2560,1.0,560000
4,3.25,4700,2.0,900000
2,1.0,1220,1.0,255000
3,3.25,2170,1.5,876650
4,2.25,2540,1.0,540000
2,1.0,910,1.5,350000
4,2.5,2980,2.0,750000
4,1.75,2120,1.0,582000
5,3.0,2480,1.0,372500
3,2.25,2200,2.0,410000
4,2.0,1730,1.0,360000
3,1.0,990,1.0,225000
4,2.5,3040,2.0,647000
5,3.0,4530,1.5,950000
3,1.5,1370,1.0,185000
3,2.5,1940,2.0,335000
3,2.5,1040,2.0,210000
4,2.25,1800,1.0,522000
3,1.75,1720,1.0,770000
3,1.0,980,1.0,499950
4,2.5,3110,2.0,751000
5,3.0,2100,1.0,330000
3,1.5,2020,1.0,465000
4,1.75,2350,1.0,850000
4,2.25,3290,1.5,947500
5,2.25,2180,2.0,302000
2,2.25,1290,3.0,500000
3,1.0,1460,1.0,201000
2,1.0,1290,2.0,265000
4,2.5,2350,1.5,870300
3,1.0,1080,1.0,339000
4,2.5,2670,2.0,690000
4,3.25,3680,2.0,788000
3,1.75,1440,1.0,315275
4,1.75,1940,1.0,505000
3,1.0,1280,1.0,368000
3,2.75,2980,1.5,947500
3,1.0,970,1.0,156000
4,3.0,2110,1.5,610000
2,2.5,1480,3.0,420000
2,1.0,700,1.0,192000
3,2.0,2700,1.0,910000
4,2.75,2600,1.5,840000
2,1.75,1360,1.0,300000
4,2.5,2780,1.0,505000
3,1.0,1250,1.0,110000
3,2.5,2620,2.0,746000
3,1.5,1350,1.0,211000
4,3.0,2400,1.0,675000
4,2.5,2760,1.5,734200
2,1.75,2040,1.5,615000
4,2.0,1770,2.0,630000
2,1.5,830,2.0,301500
2,2.5,980,2.0,369000
3,2.5,1570,3.0,635000
4,2.5,2160,2.0,383000
4,2.5,3360,2.0,455000
5,2.75,3150,2.0,819900
3,3.5,1810,2.0,625000
4,2.5,2740,2.0,651000
5,4.75,3830,1.0,480000
3,3.25,3190,2.0,757000
3,2.25,2350,1.0,460000
4,2.25,2510,1.0,267345
2,2.0,1680,1.0,530000
3,2.0,1770,1.0,449500
3,1.0,1090,1.0,289000
5,2.5,3001,2.0,373000
5,3.0,2450,2.0,525000
3,3.25,3610,2.0,777000
4,2.0,2250,1.0,550000
3,1.5,1240,1.0,523000
4,2.0,2260,1.0,628000
4,1.75,2090,1.0,581000
5,1.75,2020,1.0,245000
3,1.75,1960,1.0,415000
3,1.5,1250,1.0,225000
3,2.25,1490,1.0,287000
6,3.0,2890,2.5,799200
3,1.0,1900,1.5,239950
3,1.75,1680,1.0,591000
3,2.5,2030,2.0,700000
4,2.5,3740,1.0,475000
3,1.75,1580,1.0,575000
3,2.25,1780,1.5,771000
2,1.0,910,1.0,155000
7,4.0,3440,2.0,550000
3,2.5,1740,2.0,645000
5,2.5,3400,1.0,464000
3,2.5,2010,2.0,350000
4,2.25,2710,2.0,591000
3,1.5,1310,1.0,717000
4,1.5,1950,1.5,225000
3,1.0,1040,1.0,225000
3,1.75,1090,1.0,345000
2,0.75,650,1.0,230000
3,2.0,1480,1.0,385000
2,1.0,790,1.0,90000
4,2.5,3560,1.0,860000
4,2.5,3000,2.0,675000
4,2.5,3490,2.0,975000
3,1.75,2340,1.0,780000
3,1.75,1650,1.0,370000
3,2.0,1940,1.5,665000
5,3.0,3410,1.0,675000
3,1.0,1710,1.5,620000
3,2.75,1250,2.0,450000
3,2.25,2450,1.0,450000
3,1.75,1690,1.0,530000
4,1.75,1950,1.0,635000
5,2.0,2290,1.0,580000
3,1.0,1090,1.0,285000
3,1.0,1190,1.0,375000
3,1.0,1440,2.0,560000
4,1.75,2180,1.0,405000
4,1.0,1410,1.0,413000
3,2.5,1950,2.0,287600
3,1.0,1660,1.0,225000
3,1.0,1390,1.0,319000
3,2.0,1350,1.0,322500
3,2.0,1530,1.0,570000
3,1.5,1270,1.0,465000
4,2.25,2140,2.0,435000
4,2.5,2040,2.0,502000
3,3.5,2876,2.0,525000
3,2.5,1580,2.0,525000
4,3.5,3400,2.0,660000
4,2.5,3520,2.5,870000
4,2.5,2210,2.0,650000
4,2.5,2790,2.0,505000
3,2.5,1450,1.0,330000
4,1.75,1620,1.0,385000
3,1.5,1220,3.0,306000
3,1.75,2000,1.0,546000
4,2.5,2190,2.5,925000
4,1.75,1900,1.0,542000
3,1.0,1700,1.5,800000
5,2.5,2540,2.0,620000
2,1.0,1170,1.0,175000
5,5.0,5774,1.0,740000
3,2.25,2120,2.0,345000
3,1.75,2170,1.0,510000
4,2.75,2450,1.0,530000
2,1.0,700,1.0,155000
3,2.5,1780,1.0,266000
3,2.0,1850,1.0,257200
3,2.0,1570,1.0,265000
3,1.0,1290,1.0,372220
5,2.0,1700,1.0,337500
2,1.5,1159,1.0,582500
3,2.75,1850,1.5,489200
2,1.0,840,1.0,405100
3,2.5,1690,2.0,372977
3,1.0,1050,1.0,310000
3,1.75,1400,1.5,538000
3,2.5,1840,2.0,317000
3,1.5,2360,2.0,702500
4,2.5,2240,2.0,565000
4,2.5,2700,2.0,723000
3,2.5,3030,1.5,766950
3,1.75,1830,1.5,682000
3,2.5,2220,2.0,325000
3,2.5,2090,1.0,543000
3,1.75,1600,1.5,525000
4,1.75,2010,1.0,364000
2,1.0,830,1.0,394475
4,2.5,2010,2.0,316000
3,1.0,1050,1.5,339950
4,2.5,2150,1.0,486000
3,1.0,860,1.0,160000
3,2.5,3100,1.0,930000
3,1.0,1100,1.0,139000
3,1.5,1830,1.0,562000
2,1.75,1250,1.0,299000
3,2.5,1820,2.0,511000
3,2.0,2090,1.5,499000
3,3.5,2100,2.0,356000
4,2.5,2310,2.0,470000
4,2.25,2060,1.0,715000
3,1.0,1660,1.0,458000
5,4.5,3810,2.0,966000
3,1.75,2110,2.0,305495
2,2.0,2370,1.5,543000
3,2.25,1970,2.0,340000
4,2.5,2470,2.0,633100
3,1.0,1480,1.0,310000
5,3.0,2257,1.0,349950
2,1.0,700,1.0,267800
4,2.0,1630,1.0,234000
4,2.5,3430,2.0,740000
5,1.75,2220,1.5,607500
3,1.75,1340,1.0,223000
2,1.0,980,1.0,400000
3,2.5,2580,2.0,802000
4,2.5,2230,2.0,253000
3,1.0,1260,1.0,300000
4,2.75,1680,1.0,625000
4,3.25,3200,2.0,707000
4,2.5,3320,2.0,950000
4,2.5,3040,2.0,420000
4,2.75,2270,1.0,498000
3,2.5,2910,2.0,450000
5,2.25,2510,2.0,955000
2,1.0,1240,1.0,215000
3,2.75,2580,2.0,437000
3,2.75,2470,2.0,773000
3,2.5,1690,2.0,256883
4,2.5,2240,1.0,592500
3,2.0,1650,1.0,252350
4,2.5,2710,2.0,370000
3,1.5,1260,1.0,465750
3,1.0,1150,1.0,185000
4,2.75,2550,1.0,582800
3,1.75,1490,1.0,245000
4,1.75,2020,1.0,302000
2,1.0,1320,1.0,451555
3,1.0,1230,1.0,250000
4,2.5,2070,2.0,255000
4,1.75,2930,1.0,840000
3,1.0,1090,1.0,190000
3,1.0,1400,1.0,349950
4,2.0,1550,1.5,613000
3,1.0,1220,1.0,300000
3,2.5,1870,1.0,455000
3,2.25,2150,2.0,335000
3,1.0,980,1.5,197500
3,1.5,1490,1.0,412500
3,1.5,1120,1.0,395300
3,2.25,1180,2.0,342400
4,2.5,3240,2.0,749400
4,2.5,2150,2.0,316500
3,2.5,2240,2.0,390000
3,2.0,1400,1.0,225000
3,2.25,1980,1.0,550000
3,1.0,1330,1.5,280000
2,1.0,1490,1.0,575000
5,1.75,2000,2.0,585000
4,2.5,2680,2.0,620000
4,2.0,1670,1.0,204700
4,3.0,3150,2.0,695000
4,3.25,2740,2.0,689900
4,1.75,1890,1.0,375000
7,3.5,2870,1.0,475000
3,1.0,1160,1.0,215000
3,1.75,1790,1.0,790000
3,1.75,1680,1.0,350000
3,2.5,4560,2.0,695000
3,2.25,1590,2.0,263000
3,1.0,1630,1.0,400000
3,2.5,2700,2.0,525000
3,2.5,1700,2.0,349950
4,3.0,1980,2.5,744000
2,1.0,880,1.0,312500
3,2.0,1400,1.0,240000
4,2.0,2050,1.5,495000
3,2.5,2360,2.0,580050
4,2.0,2560,1.0,640000
3,1.5,1340,1.0,417000
3,1.0,1060,1.0,174950
3,1.5,850,1.0,295000
4,1.75,1880,1.0,423000
3,1.0,1230,1.0,839000
4,1.75,2290,1.0,343000
3,1.0,1660,1.0,467000
3,2.5,1840,2.0,512500
4,2.5,3020,1.0,575000
3,1.75,1410,1.0,465000
3,1.0,1010,1.0,270000
3,1.75,1960,1.0,340000
5,3.75,3580,2.0,765000
4,2.5,2240,2.0,497000
4,2.5,3310,2.0,803100
3,2.5,1232,3.0,344000
4,3.5,3930,2.0,828950
3,2.5,1720,2.0,386380
3,2.25,1490,2.0,312000
3,2.5,3150,2.0,720000
4,2.5,3950,3.0,914500
5,2.75,3030,2.0,819995
2,1.5,1070,1.0,252700
3,2.5,2320,2.0,437500
1,1.0,700,1.0,350000
3,2.5,2720,2.0,619000
3,2.5,1800,2.0,408200
3,1.75,1560,1.5,451000
3,2.0,1760,1.0,317000
4,3.25,3120,2.0,799000
2,1.0,2020,1.0,720000
3,2.0,1450,1.5,490000
4,2.25,1860,1.0,239900
4,2.25,2270,1.0,446000
3,2.5,1480,2.0,275000
5,1.0,1460,2.0,239950
4,3.5,1850,2.0,248000
3,2.5,2170,2.0,619500
3,1.75,1726,2.0,363750
3,1.75,1180,1.0,385000
4,1.5,1370,1.0,370000
3,2.5,2670,1.0,425000
3,1.0,1260,1.0,342000
4,1.0,1980,1.5,345000
3,2.0,2050,1.0,724800
5,2.75,2830,2.0,725000
2,1.0,910,1.0,605000
4,2.5,2440,2.0,350000
3,2.0,2180,1.0,785000
3,2.0,1900,1.0,250000
3,2.25,1520,3.0,565000
3,2.0,2220,1.0,875000
4,2.75,3280,2.0,862500
3,2.5,2740,2.0,400000
2,1.0,830,1.0,282613
2,1.0,1010,1.0,174500
3,2.25,2060,1.0,306500
3,2.25,1990,2.0,445000
4,2.5,2280,2.0,433000
3,2.5,1870,2.0,306000
3,2.25,1720,1.5,620000
2,1.0,870,1.0,245000
3,2.0,1020,2.0,238000
3,1.5,1260,1.5,523000
3,2.5,2370,2.0,522500
3,1.0,1000,1.0,180000
3,1.5,1100,2.0,375000
3,2.25,1440,1.0,249000
4,2.5,3120,2.0,730100
2,2.0,2260,1.0,551000
4,2.5,2790,2.0,375000
1,1.0,1140,1.5,540000
3,2.25,1290,2.0,605000
5,1.75,1730,1.0,205000
4,2.5,3160,2.0,645000
4,2.5,2340,2.0,314000
3,1.5,1170,1.0,330000
2,1.0,1160,1.0,490000
3,3.0,1970,1.0,445000
3,2.25,1410,2.0,377500
4,2.5,2430,2.0,480000
5,1.5,3360,2.0,804995
3,2.5,1480,2.0,341000
5,2.5,3200,2.0,675000
3,2.5,2134,2.5,611000
3,3.25,1860,3.0,379950
2,2.5,1310,2.0,500000
3,2.0,1700,1.0,410000
3,2.5,2480,2.0,415000
5,2.5,1970,2.0,297000
4,2.5,2060,1.0,575550
3,2.5,2130,1.0,534640
3,2.25,1410,1.0,352500
2,2.0,1360,1.0,488000
3,2.0,1940,1.0,732000
2,2.25,1610,2.0,215000
2,2.0,1420,1.5,592500
4,2.5,1700,2.0,290000
2,1.0,1490,1.0,475000
3,2.5,2680,2.0,320000
5,1.5,2120,1.5,290000
4,2.0,1690,1.5,487250
4,2.5,1830,2.0,339000
2,1.5,1010,1.5,440000
4,2.75,2070,1.0,366500
3,1.5,1710,1.5,462000
4,1.0,1660,1.5,560000
4,1.75,2080,1.0,285000
3,2.5,1270,2.0,280000
3,1.0,1080,1.0,210000
3,2.0,1610,1.5,690000
2,1.0,1120,1.0,256500
4,2.75,2500,2.0,411000
3,1.0,970,1.0,215000
5,2.0,3370,1.5,762000
3,1.0,1290,1.0,359950
4,3.5,3370,2.0,480000
4,2.5,2490,2.0,390000
2,1.0,770,1.0,413500
1,1.5,810,2.0,285000
4,2.5,3060,1.0,475000
3,2.5,1690,2.0,386591
3,1.75,1890,1.0,524950
2,2.0,1470,2.0,241000
2,1.0,1060,1.0,461000
4,2.5,3480,2.0,810000
4,2.75,2730,1.5,885000
3,2.25,1580,2.0,247000
3,2.75,2170,1.0,296500
2,1.0,930,1.0,141800
4,2.0,1580,2.0,333000
5,1.75,3290,1.5,602000
4,2.25,2110,2.0,565000
3,2.5,1670,2.0,373000
3,2.25,2030,1.0,588000
3,1.0,1500,1.5,485000
3,2.25,1450,2.0,482500
4,1.5,1310,1.0,251200
5,3.25,4180,2.0,869000
3,1.75,1630,1.0,464000
4,2.5,2660,2.0,755000
3,2.5,1720,2.0,280000
2,2.25,1260,3.0,485000
3,1.75,1610,1.0,305000
2,1.0,680,1.0,110700
4,3.5,2640,2.0,850000
3,2.25,1640,2.0,350000
4,1.75,2310,1.0,319950
3,1.75,2010,1.0,700000
2,1.5,1660,1.0,368000
3,2.5,2200,2.0,433500
4,2.5,2460,2.0,611000
3,1.0,1370,1.0,307000
3,1.75,1800,1.0,442500
3,1.75,2200,2.0,485000
2,1.0,700,1.0,367000
3,2.5,1920,2.0,429000
5,2.75,2190,1.0,446000
3,2.25,2030,1.0,572500
3,2.5,1350,3.0,477000
3,2.5,1680,2.0,518000
5,1.75,1250,1.0,462000
3,1.0,950,1.0,137000
3,3.5,2320,2.0,530000
2,2.5,2380,1.0,818000
2,2.25,1540,3.0,640000
5,3.0,2100,1.0,298450
4,2.5,2500,2.0,575000
4,2.5,3230,2.0,730000
3,2.5,2830,2.0,551000
2,1.0,870,1.5,271310
4,3.0,2690,1.0,675000
3,2.5,1260,3.0,479000
4,3.5,2680,2.0,520000
3,2.5,2660,2.0,599950
2,1.75,1480,1.0,483945
4,2.25,1770,1.0,390000
2,1.0,950,1.0,192500
2,1.0,860,1.0,330000
4,2.0,1960,1.0,250000
2,1.0,1770,1.5,243000
4,1.75,1280,1.0,575000
4,2.5,2150,2.0,639000
2,1.0,1790,1.0,710000
3,2.25,1990,2.0,675000
5,2.5,2430,2.0,405000
4,2.75,2820,1.0,615000
3,1.0,1910,1.0,490000
3,2.25,1270,2.0,467000
4,2.75,2050,1.0,480000
6,2.0,2150,1.0,755000
4,1.75,2450,1.0,760000
2,2.25,1230,2.0,387000
4,2.25,2260,1.0,925000
2,1.0,1050,1.0,415000
3,1.75,1570,2.0,263000
4,2.0,1820,1.0,519900
2,1.75,1540,1.0,570000
3,1.5,2060,1.0,450000
3,1.0,1090,1.0,300000
3,1.75,1480,1.0,320000
4,1.0,1320,1.5,387500
1,2.25,2140,1.0,458000
4,3.0,2800,2.0,380000
3,1.0,1050,1.0,200000
3,1.5,1490,1.0,385000
2,1.0,1730,2.0,396675
4,1.0,1210,1.5,452000
4,2.5,2800,2.0,426000
3,1.5,1570,2.0,792000
3,2.25,1400,1.0,315000
6,3.0,1880,1.0,326000
2,1.0,790,1.0,268500
2,1.75,1300,2.0,440000
3,1.0,2120,1.0,300000
3,1.5,1540,2.0,525000
4,2.75,2620,1.5,978000
4,1.0,1680,1.5,700000
2,1.0,790,1.0,315000
3,1.0,1092,1.5,309000
3,1.5,1650,1.0,219950
3,2.5,2090,2.0,289000
4,1.75,2180,1.0,210000
4,2.5,1990,2.0,260000
4,2.5,2650,2.0,699000
3,1.0,910,1.0,299950
3,2.5,2770,2.0,749950
3,2.5,3050,1.0,555000
3,2.5,1700,2.0,384000
5,3.5,3200,2.0,499950
3,1.75,1200,1.0,430000
4,2.25,2220,2.0,350000
3,2.5,2480,2.0,620000
4,2.25,2560,1.0,765000
4,1.5,2500,1.0,250000
2,1.0,1150,1.0,376000
4,1.75,1650,1.0,475000
3,1.75,1140,1.0,120750
3,1.0,1180,1.0,330000
3,2.5,1700,2.0,619500
3,1.5,1240,1.0,345000
5,2.25,2890,2.0,598000
3,1.0,1060,1.0,335000
4,1.75,1590,2.0,372500
6,5.25,2860,2.0,300000
1,1.0,820,1.0,194000
3,2.0,2020,1.0,507500
4,2.25,1870,1.0,325000
3,2.5,2170,2.0,329900
4,2.5,1600,1.0,329000
4,1.75,2090,1.5,494000
4,2.0,1700,1.0,206000
4,1.75,1940,1.0,423000
3,1.0,1320,1.0,259000
4,2.25,3500,1.0,879950
5,3.5,2800,2.5,345600
3,1.5,1080,1.5,395000
4,2.5,3550,2.0,625000
3,2.0,2010,2.0,439000
3,1.75,1690,2.0,380000
3,1.5,1270,3.0,440000
3,2.25,1970,2.0,415000
4,2.75,3160,2.0,860000
3,2.5,1210,3.0,500000
4,3.5,3120,2.0,953007
4,2.5,2670,2.0,515000
3,2.25,1640,3.0,772000
4,2.5,2303,2.0,329995
3,2.5,1800,2.0,409316
5,3.5,4460,3.0,490000
2,2.5,1590,2.0,305000
4,3.5,3070,2.0,785000
2,1.75,1330,1.0,240000
3,1.0,990,1.0,325000
4,2.5,1900,2.0,535800
3,2.5,2020,3.0,720000
3,1.75,2000,1.0,374000
2,1.75,1100,1.0,189650
1,1.0,960,1.0,420850
4,2.75,3488,2.0,815000
4,2.0,2030,2.0,199000
3,1.75,1380,1.0,195000
3,2.25,1870,2.0,288400
4,2.25,2080,1.0,442000
4,2.75,2450,2.0,619420
4,2.25,2750,1.0,635000
3,1.0,1240,1.0,210000
3,2.5,1900,2.0,512500
3,2.5,2540,2.0,567000
3,2.75,2100,2.0,525000
4,2.0,1790,1.0,475000
3,2.0,1170,1.0,250000
3,1.0,1060,1.0,220000
5,2.0,1930,1.5,230000
3,2.0,1540,1.0,385500
5,3.0,2876,1.0,895000
3,2.5,2150,2.0,368250
2,1.0,1140,1.0,249900
3,1.5,980,1.0,350000
3,1.75,1230,1.0,175000
3,1.75,1390,1.0,270000
3,3.5,2380,2.0,495000
5,3.25,3010,1.5,542500
3,1.0,1250,1.0,330000
2,1.0,790,1.0,299800
3,2.5,2720,2.0,299900
4,2.75,2550,1.0,691000
2,1.0,1080,1.0,195000
3,1.75,2470,1.0,405000
2,0.75,850,1.0,360000
3,2.5,1990,1.0,256750
3,2.25,1800,2.0,332500
5,4.0,4850,2.0,975000
3,1.0,1020,1.0,218000
3,2.5,2420,2.0,429000
4,2.5,2910,2.0,589000
3,1.5,1060,1.0,255000
4,2.5,2340,1.0,668750
4,2.75,1800,1.0,344500
4,2.0,1660,1.0,452000
3,1.75,1300,1.0,540000
3,1.5,1780,1.0,246000
2,1.0,1030,1.0,535000
4,3.25,2790,1.0,970000
3,1.0,1150,1.0,430000
4,2.5,3290,2.0,520000
4,2.5,3400,2.0,712000
2,1.0,1200,1.0,450000
4,2.5,2160,2.0,220000
3,1.0,1450,1.0,525000
3,2.0,1470,2.0,540000
4,2.5,2360,2.0,600000
3,2.25,2230,2.0,600000
4,2.5,2630,2.0,625000
3,1.0,1010,1.0,150000
3,2.25,1445,2.0,389999
3,1.75,2380,1.5,285000
4,2.75,2830,2.0,744000
4,2.5,3010,2.0,700000
4,2.25,2000,1.0,318989
3,2.25,2020,2.0,556000
3,2.5,2030,2.0,275000
3,2.75,2550,2.0,430000
2,1.0,970,1.0,300000
3,1.75,1540,1.0,396450
2,1.0,1396,1.0,225000
4,3.25,2780,2.0,700000
6,2.0,2220,1.0,260000
4,3.5,2350,2.0,655000
3,2.0,1440,1.0,413800
5,3.75,5330,2.0,950000
4,2.5,2220,2.0,334990
3,3.0,1960,2.0,556000
3,2.5,1530,3.0,360000
4,2.25,3250,2.0,480000
3,2.5,1750,2.0,324000
1,0.75,1170,1.0,275000
3,1.0,870,1.0,180000
4,2.5,2930,2.0,749000
2,1.0,800,1.0,373500
4,2.5,2350,2.0,770000
2,1.75,1060,1.0,356000
3,1.75,2060,1.0,625000
2,1.75,1560,1.0,494400
4,1.75,3000,1.0,585000
3,1.5,1660,2.0,926300
3,1.75,1650,1.0,600000
4,3.0,3220,2.0,430000
3,1.5,2320,1.0,307000
4,2.75,2750,1.0,604700
3,1.0,910,1.0,219900
2,1.5,840,2.0,270000
3,2.25,1470,2.0,432000
6,2.0,2040,1.0,300000
3,1.0,1100,1.5,361000
2,1.0,940,1.0,249950
3,2.0,1110,1.0,320000
4,1.75,2200,1.5,305000
2,1.75,2860,1.0,503000
2,1.0,740,1.0,235750
4,1.75,2740,1.0,657000
3,1.0,1250,1.0,385000
4,2.5,3140,2.0,389950
2,1.0,820,1.0,150000
4,2.75,2570,2.0,254500
4,2.25,2350,1.0,555000
4,2.0,1580,1.0,245000
2,1.0,1070,1.0,319950
3,1.0,1070,1.0,337000
4,2.0,1640,2.0,492000
3,1.0,1220,1.0,348580
2,1.0,1400,1.0,180000
3,1.0,1040,1.0,400000
4,2.0,980,1.0,295000
4,3.25,3340,1.5,910000
3,3.5,1900,2.0,431500
4,1.5,1740,1.0,180000
3,2.0,2000,1.0,677000
4,2.5,3240,1.0,635700
5,2.25,2230,1.0,482000
2,2.5,1160,2.0,168000
4,2.75,2410,1.0,805000
2,1.0,590,1.5,398000
4,2.5,2600,2.0,665000
4,3.0,2170,1.0,592500
4,2.75,2080,1.5,940000
4,2.5,2860,2.0,655000
4,2.5,2980,2.0,622500
2,2.5,1230,2.0,380000
4,1.75,2260,1.0,648360
3,2.75,2200,1.0,432000
2,1.0,1060,2.0,353250
3,2.25,998,2.0,320000
4,2.5,2052,2.0,349900
4,3.5,3150,2.0,330000
3,2.25,1950,1.0,408000
3,2.25,1347,3.0,321000
3,1.5,1360,3.0,359000
5,2.5,2760,2.0,300000
5,3.5,2420,2.0,380000
3,2.5,2450,2.0,660000
3,2.25,1280,3.0,355000
3,2.5,1550,2.0,259000
1,1.0,550,2.0,353000
2,2.5,1520,2.0,430000
3,1.0,1670,1.5,460000
1,0.75,430,1.0,80000
4,2.5,2380,2.0,782000
3,1.0,960,1.0,218000
3,1.0,1920,1.0,325000
4,3.0,3680,1.0,980000
4,2.25,2530,1.0,902000
5,2.5,3840,2.0,556000
3,1.75,1240,1.5,662990
2,1.0,1300,1.5,225000
4,2.5,2380,2.0,439950
2,1.0,1300,1.0,175000
2,1.0,780,1.0,306000
4,2.5,1810,1.0,235000
3,1.75,2420,2.0,399500
3,1.0,1280,1.5,478000
2,1.0,1680,1.0,515000
3,2.5,2510,2.0,550000
3,1.0,1700,1.0,149000
3,1.75,1680,1.0,526000
1,0.75,820,1.0,527550
3,2.5,2600,1.0,625000
5,3.25,3400,2.0,950000
5,1.75,2120,1.0,377691
4,2.75,2250,1.0,648475
3,1.0,1800,1.0,383000
3,2.5,2210,2.0,535000
3,2.0,1560,2.0,449950
4,2.75,2430,1.0,465425
4,2.5,2560,2.0,675000
3,2.75,1960,1.5,599000
3,1.5,1110,1.0,416000
2,1.5,1030,1.0,595000
4,1.0,1350,1.0,200000
3,2.0,1540,2.0,402000
4,1.75,1830,1.0,433000
4,1.5,1930,2.0,275000
3,2.0,1650,1.5,410000
4,2.0,3510,1.0,554820
3,2.5,2390,2.0,735000
3,1.0,1230,1.0,607000
4,3.0,2830,2.0,549900
3,1.75,1620,1.0,258000
4,4.0,2290,1.5,661254
4,2.0,2840,1.0,945000
4,3.5,4220,2.0,799950
3,1.0,1080,1.0,132500
3,1.75,1620,1.0,467100
3,1.75,1620,1.0,641000
3,1.0,1010,1.0,350000
4,2.5,1750,1.0,335000
3,3.5,4080,1.5,900000
4,2.5,2560,1.0,440000
3,1.75,1120,1.5,464600
2,1.0,1340,1.0,300000
4,2.0,1590,1.0,670500
3,1.0,1430,1.0,552000
4,1.0,1450,1.0,244000
4,2.75,3500,2.0,788600
3,2.0,1630,1.0,445000
4,1.75,1814,1.0,530000
2,1.0,580,1.0,90000
3,2.0,1670,1.5,585000
2,2.0,1140,1.0,498000
2,1.0,800,1.0,379000
3,1.75,1300,1.0,462000
4,2.5,2440,2.0,388000
3,2.0,1490,1.5,255000
3,2.75,1800,1.0,665000
3,2.0,1830,1.0,550000
3,1.0,1500,1.0,606000
4,2.5,2210,1.0,334000
3,2.0,1270,3.0,360000
2,1.0,1140,1.5,235000
3,2.5,1620,3.0,580000
3,2.0,1220,3.0,355000
2,2.5,750,2.0,375000
4,1.75,1960,1.0,372000
3,1.0,1370,1.5,479000
2,1.0,1010,1.0,501000
3,1.75,1260,1.0,245000
3,2.5,1740,2.0,496700
4,1.5,2670,2.0,347000
2,1.0,720,1.0,199000
3,2.5,2460,2.0,440500
4,2.5,3670,2.0,820000
4,3.5,2630,1.5,325000
3,1.75,1570,1.0,195000
3,3.0,2980,1.0,675000
3,2.5,1560,2.0,295000
3,2.5,1620,1.0,355300
3,1.0,1140,1.0,276000
2,1.5,2730,1.0,460000
3,2.0,2130,1.0,880000
3,2.5,1780,2.0,370000
4,2.5,2100,2.0,346000
3,1.0,1140,1.0,172500
3,1.5,1690,1.0,379950
2,1.0,1160,1.0,468000
4,2.75,1720,2.0,477000
3,1.0,1210,1.5,529000
3,1.5,1255,3.0,312000
2,1.0,880,1.0,326100
3,1.0,1050,1.5,360000
3,1.75,1650,1.0,438000
3,1.0,1570,1.0,360000
4,3.0,3000,1.5,688000
3,1.75,1850,1.0,585000
3,2.5,1440,1.0,265000
3,1.75,1440,1.0,375000
3,1.0,1810,2.0,326500
2,1.0,1180,1.0,160000
5,2.75,3390,2.0,735000
2,1.0,1470,1.0,400000
4,2.5,2680,1.0,800000
4,2.25,2290,2.0,949880
3,1.75,1980,1.0,405000
4,2.5,2870,2.0,399000
3,2.0,1840,1.0,730001
3,2.0,1630,1.0,260000
2,2.0,1880,1.5,751750
3,1.75,1780,1.0,325000
4,2.0,2330,1.0,344950
3,1.75,1840,1.0,457500
5,2.0,2330,1.0,389000
4,2.5,3200,2.0,515000
3,2.5,2330,2.0,732000
3,2.25,1950,1.0,415000
2,1.0,1040,1.0,535000
4,4.25,1960,2.0,540000
5,3.0,2750,1.5,525000
3,1.75,1930,1.0,570000
5,4.5,4850,2.0,569950
4,2.5,1982,2.0,283200
4,2.5,1850,1.0,830000
4,2.25,1940,1.0,495000
5,3.0,2840,1.0,292050
5,1.5,1900,1.0,415000
5,1.0,1410,1.0,295832
4,2.5,2520,2.0,450000
4,3.0,3720,2.0,857000
3,3.5,1820,2.0,499950
3,2.0,1560,1.0,465000
3,1.0,1600,1.0,329000
3,2.0,1230,1.0,475000
3,1.0,960,1.0,255000
3,1.0,1270,1.5,435000
3,2.5,2810,2.0,685000
2,2.5,2160,1.0,715000
3,3.0,2520,1.5,780000
2,1.5,1180,2.0,345000
4,2.25,1810,2.0,355000
3,2.5,1680,1.0,282000
3,1.0,910,1.0,244000
3,3.75,3250,2.0,967500
3,1.5,2000,1.0,375000
3,1.75,2310,1.0,527500
3,2.25,2510,1.5,994000
3,1.75,1320,1.0,313000
3,2.25,2370,2.0,587000
3,1.0,900,1.0,304000
3,2.5,2540,2.0,675000
4,1.0,2100,1.0,305000
3,1.0,1200,1.0,280000
5,4.0,3720,2.0,960000
3,2.25,1760,2.0,500000
3,1.75,1670,1.0,274950
3,2.5,2420,2.0,455600
5,3.0,3480,2.0,970000
4,2.5,1630,2.0,312900
4,2.5,2340,2.0,535000
2,1.0,920,1.0,427000
2,1.0,910,1.0,405000
3,1.0,1150,1.0,480000
3,1.5,2500,1.5,725000
4,2.5,3250,1.0,293000
4,2.0,1930,1.0,268000
4,3.5,3400,2.0,475000
3,2.5,1590,3.0,488000
4,2.5,3330,2.0,760000
3,2.5,2610,2.0,754950
3,2.5,1658,2.0,263900
3,3.5,1600,2.0,460000
3,3.0,1296,3.0,399950
2,2.25,1280,2.0,370000
4,3.25,2510,2.0,450800
3,3.5,2710,2.0,627000
3,2.5,1750,3.0,495000
3,1.0,1430,1.5,310000
4,1.0,1660,1.0,550000
2,1.0,1320,1.0,215000
4,3.0,2580,2.0,799000
4,2.5,2740,2.0,630000
3,2.5,2495,2.0,267000
6,2.75,2300,1.5,900000
3,1.5,1300,1.0,365000
4,2.5,2230,1.0,544500
4,2.75,2020,1.0,599000
4,2.25,2000,2.0,815000
2,1.0,1060,1.0,254000
2,1.75,2080,1.0,740000
3,2.0,2030,1.0,225000
3,2.5,2690,2.0,925000
3,2.5,1550,2.0,537000
4,2.0,1480,1.0,335000
4,2.75,3040,2.0,840000
3,1.5,1560,1.0,224000
3,2.5,2250,2.0,395000
3,1.0,1100,1.0,450000
3,1.0,1700,1.5,681000
5,1.5,2680,1.0,898000
3,1.0,800,1.0,370000
2,1.75,1350,1.0,429000
3,1.0,820,1.5,150000
3,2.5,3160,2.0,555000
3,2.75,1720,1.0,326000
3,2.5,1680,2.0,225000
3,1.75,1300,1.0,245100
3,2.5,2190,2.0,665000
3,2.5,1720,2.0,535000
3,1.0,1160,1.0,305000
7,4.0,3150,1.0,999000
3,1.75,1210,1.0,215000
3,1.75,1980,1.0,432500
4,2.5,2990,2.0,655000
3,1.5,1430,1.0,266200
3,2.5,2060,2.0,244615
4,3.0,2230,2.0,460000
4,2.5,3090,2.0,370000
6,3.25,4250,1.0,465000
2,2.0,1700,1.0,189000
3,2.5,2510,2.0,820000
6,2.75,3610,1.0,968000
3,1.75,1610,1.0,438750
4,2.0,2510,1.0,600000
3,1.0,1110,1.5,589000
3,2.0,1650,2.0,590000
3,2.0,1980,1.0,479900
2,1.5,880,2.0,210000
3,1.75,1490,1.0,745000
3,2.0,2520,1.5,840500
3,1.75,1820,1.0,420000
7,4.5,4140,1.0,565000
4,2.5,3420,2.0,840000
4,2.5,3150,2.0,681716
3,1.75,1580,1.0,600000
3,2.0,1660,1.0,380000
3,1.0,1100,1.0,168500
2,1.0,1270,1.0,355000
4,1.0,1450,1.0,277000
4,2.25,1830,1.0,236000
3,1.75,1300,1.0,270000
2,1.75,2320,1.5,700000
4,2.75,1680,1.0,425000
3,2.5,2300,1.5,635000
3,1.75,1400,1.0,510250
4,2.25,2410,2.0,960000
3,2.0,1480,1.0,254000
3,1.0,1390,1.5,299000
2,1.0,830,1.0,175000
2,1.0,740,1.0,157500
5,2.0,1940,1.0,580000
3,1.0,1340,1.0,124740
2,1.0,800,1.0,285000
3,1.75,1310,1.0,242000
4,1.75,2330,2.0,840000
2,3.25,1400,3.0,474800
4,2.5,2360,2.0,490000
3,2.25,1840,2.0,465000
4,2.5,2680,2.0,515000
3,3.75,3890,1.0,430000
3,2.0,1400,1.0,253400
3,2.5,2400,1.0,355000
4,2.25,2920,2.0,740000
2,2.0,1390,2.0,186950
3,2.5,1680,2.0,306000
4,1.5,2040,1.0,510000
2,1.0,1080,1.0,345000
3,2.75,2280,1.0,875000
4,3.5,4490,2.0,700000
4,2.5,2798,2.0,499950
3,2.5,2810,2.0,739000
4,2.5,3753,2.0,363000
4,3.5,3910,2.0,782000
2,2.5,1050,2.0,325000
4,1.0,1600,1.5,485000
4,2.25,2590,1.0,452000
4,2.25,1720,1.0,264950
6,2.5,4410,1.0,472000
3,1.75,1590,1.0,267500
4,2.5,2440,2.0,565000
3,2.5,1360,3.0,535000
2,1.0,910,1.0,389000
4,1.5,1390,1.0,400000
3,1.5,1470,1.0,264000
4,2.5,2920,2.0,690000
3,1.75,1950,1.0,412000
3,2.5,2390,2.0,695000
3,1.5,1270,1.0,246500
2,1.0,950,1.0,230000
2,1.0,900,1.0,302000
4,2.25,2280,1.5,820000
3,1.0,1010,1.0,145000
2,1.0,1260,1.0,436500
3,2.5,2620,2.0,672000
3,2.25,2330,1.5,680000
5,3.0,2170,1.5,750500
5,2.0,2450,1.0,550000
4,1.75,1880,1.0,266500
4,2.0,2300,1.5,619000
3,2.0,1240,1.0,405000
2,1.0,820,1.0,300000
4,2.0,1530,2.0,231000
5,3.25,2900,1.0,790000
4,2.75,1240,1.0,400000
4,3.5,4140,2.0,950000
4,2.0,2240,1.0,450000
3,2.0,1480,1.0,595000
3,2.25,2270,1.0,332000
3,1.0,1250,1.0,155000
5,2.0,1930,1.0,400000
4,1.75,1700,1.0,349000
3,1.0,1590,1.0,529000
5,1.75,1880,1.0,405000
4,1.75,1640,1.0,635200
3,1.5,2600,1.0,540000
2,1.0,710,2.0,402000
3,1.5,1460,1.0,329932
3,2.5,2080,2.0,300000
5,2.5,2630,2.0,525000
4,2.5,2760,2.0,602500
4,2.0,1670,1.0,400000
4,1.75,1990,1.5,445000
3,3.0,2600,1.5,525000
2,1.0,1320,1.5,395000
3,1.5,2240,2.0,510000
4,2.25,1960,1.0,723000
3,2.0,2590,2.0,503000
4,2.75,2620,2.0,672500
3,2.5,2770,2.0,860000
3,1.0,2110,1.0,475300
4,2.5,2290,2.0,295000
2,1.0,1110,1.0,250000
4,2.75,3310,2.0,658000
2,1.0,900,1.0,83000
3,1.75,1940,1.0,685000
3,1.75,1590,2.0,210000
3,2.5,2930,2.0,650880
4,2.5,2040,2.0,350000
2,2.25,1000,3.0,305000
3,3.25,1730,2.0,645000
3,1.0,1220,1.0,385000
3,2.25,3060,2.0,860000
4,2.5,2910,2.0,395000
3,1.75,1050,1.0,260000
3,2.0,1560,1.0,196440
3,1.75,1680,1.0,425000
3,2.0,1550,1.0,369000
3,2.5,2200,2.0,349900
2,2.5,1740,2.0,650000
3,1.0,1210,1.0,299950
4,3.25,4240,2.0,625000
3,2.25,1590,1.0,190000
4,1.75,3420,1.0,715000
4,2.5,3190,1.0,659000
3,1.75,1920,1.0,490000
2,1.75,1340,1.0,415000
3,1.75,1700,1.0,750000
4,2.5,2310,1.5,700000
3,1.75,1510,1.0,425000
3,2.5,2670,1.0,642000
4,2.25,2060,1.0,655000
5,2.5,3090,1.0,458000
2,2.5,1240,2.0,330000
3,2.5,1860,2.0,384950
3,1.5,2000,1.0,560000
4,1.75,2500,1.0,950000
4,2.25,1820,1.0,465000
3,2.25,1820,1.0,425000
3,2.0,1060,1.0,315000
3,2.5,1950,2.0,530000
2,1.0,940,1.0,399000
2,1.5,1220,1.5,168000
3,1.0,1200,1.0,374000
5,3.75,3990,2.0,740000
2,1.0,1880,1.0,280000
4,2.5,2280,2.0,322000
3,1.75,2580,1.0,459900
4,2.75,2600,1.0,750000
5,2.75,2220,1.0,427000
2,2.25,1730,2.0,800000
4,3.0,2840,1.5,735000
4,2.5,2560,2.0,642000
3,2.0,1330,1.0,240000
2,1.0,1890,1.5,645500
7,4.5,4290,1.5,840000
2,2.0,1540,2.0,475000
4,2.0,2340,1.0,568000
3,1.75,2180,1.0,325000
3,2.5,2780,2.0,825500
4,2.75,2620,2.0,499431
4,3.5,3760,2.0,919204
4,2.5,2720,2.0,545000
3,2.25,2675,2.0,660000
5,2.75,2080,2.0,538888
3,2.5,2460,2.0,693000
3,2.5,1960,2.0,289950
4,2.5,2550,2.0,587000
3,2.25,1760,3.0,615000
3,1.75,1620,1.0,459000
3,1.75,1790,1.0,243000
4,1.75,2780,2.0,660000
1,1.0,750,1.0,250000
3,1.0,960,1.0,315000
3,1.5,2030,1.0,404000
3,2.75,2930,1.0,559900
2,2.5,1380,2.0,285000
3,2.0,1720,1.0,500000
2,1.0,1210,1.0,380000
3,1.0,950,1.5,469000
2,1.75,1710,2.0,405000
2,2.0,1410,1.5,439900
4,2.5,2910,2.0,525000
4,2.5,2220,2.0,580000
3,2.0,1380,1.0,275000
3,2.0,1760,1.0,629000
1,1.0,730,1.0,395000
4,2.5,2460,2.0,965000
3,1.75,2160,1.0,820000
4,2.25,1990,1.5,661000
3,3.0,3740,2.0,789000
4,2.5,2710,2.0,668500
3,2.5,2680,2.0,350000
4,2.0,1850,1.0,250000
4,2.5,3190,2.0,725995
3,1.5,1840,2.0,686000
4,2.5,2720,2.0,665000
3,2.5,2290,2.0,653000
2,1.0,990,1.0,430000
2,1.5,1140,2.0,305000
4,1.5,1840,2.0,809000
2,1.0,1110,1.0,440150
4,2.5,2150,2.0,615000
2,1.0,1170,1.0,455000
3,2.5,1960,1.0,635000
3,2.25,2610,2.0,675000
3,2.25,2130,1.0,316000
3,2.25,3020,2.0,955000
3,1.75,1670,2.0,985000
3,1.75,1890,1.0,465500
3,1.0,950,1.0,305000
4,2.5,2430,1.0,645000
4,2.0,2360,1.0,730000
3,1.75,1510,1.0,366000
3,2.5,2080,2.0,290000
3,2.0,1750,1.0,472500
3,2.0,1810,1.5,550000
4,1.75,1790,1.0,410000
4,2.75,2340,1.0,440000
3,2.5,1690,2.0,535000
4,2.5,2070,2.0,300000
3,2.5,2240,2.0,432500
4,3.0,4500,2.0,870000
3,1.75,2770,1.0,492000
3,1.0,1010,1.0,199950
3,1.5,1120,1.0,439800
5,2.5,3020,1.0,320000
4,3.25,4400,2.0,687000
3,1.75,1990,1.0,345000
3,1.0,1450,1.0,274950
4,2.5,1920,2.0,270000
2,2.5,1175,2.0,342000
3,1.5,1320,1.0,327000
5,2.5,3990,1.0,610000
2,1.0,1140,1.0,455000
4,1.75,1720,1.5,540000
4,2.75,2150,1.0,411000
3,1.5,1790,1.5,544000
2,2.5,2210,1.0,802000
3,2.75,2180,1.0,568500
3,2.25,1410,2.0,391000
3,2.5,1950,2.0,298000
3,2.5,1495,3.0,400000
3,2.25,1660,1.0,425000
3,2.5,1950,2.0,328500
5,2.75,2550,1.5,650000
3,1.75,1370,1.0,850000
4,2.5,2200,2.0,930000
3,1.75,1250,1.5,530000
4,2.25,2220,1.0,495000
3,1.75,1620,1.0,500000
3,1.75,2250,1.0,325000
3,2.5,1720,2.0,365000
4,2.5,3030,2.0,471000
3,1.0,1030,1.0,223000
3,2.5,2190,2.0,503000
3,2.0,1440,1.0,230000
4,2.5,2170,1.0,550000
3,1.5,1180,1.0,193000
4,4.25,2360,2.0,590000
3,1.5,1660,1.0,712500
3,2.75,2390,1.0,689800
3,2.0,1360,1.5,430000
3,2.25,1840,1.5,785200
3,2.25,1800,1.0,474900
3,1.75,2220,1.0,435000
5,3.5,3490,2.0,941500
4,2.5,1830,2.0,312000
4,2.75,1550,1.5,835000
3,2.0,2050,1.0,713250
2,1.0,1230,1.0,440000
4,2.5,3150,2.0,580135
3,2.25,3800,1.0,575000
3,2.5,1350,2.0,613000
3,2.0,1530,1.0,235000
3,2.5,2290,3.0,660000
2,1.5,1480,1.0,280000
3,1.75,1970,1.0,268000
2,1.0,720,1.0,235000
3,2.0,1080,1.0,390000
4,2.5,2790,2.0,654950
5,2.75,2040,1.0,449500
3,1.0,1320,1.0,150000
3,2.25,1680,2.0,440000
3,2.0,2140,1.0,710000
3,1.75,1660,1.0,420000
3,2.25,1540,1.0,312000
3,2.0,1880,1.0,320000
3,1.0,1250,1.0,235000
5,2.0,2120,1.5,437000
3,1.75,1810,1.5,545000
3,2.5,2370,2.0,640000
3,2.5,1970,2.0,432000
3,2.5,2110,2.0,548000
3,3.0,2080,1.5,830000
4,2.25,3720,1.0,875000
2,1.75,1370,1.0,409950
4,2.5,2961,2.0,695000
3,2.25,2090,2.0,562100
3,2.5,2600,2.0,475000
3,2.25,1870,1.0,425000
4,2.5,2620,2.0,600000
3,2.5,2430,2.0,770000
3,1.75,1340,1.0,239000
2,1.0,1170,1.0,295000
3,1.75,2000,1.0,560000
5,2.5,2070,1.0,613000
4,3.0,4590,2.0,960000
5,1.0,2550,2.5,847000
3,1.0,1060,1.0,206000
2,1.75,1220,1.0,253000
4,2.25,1790,1.0,430000
3,2.0,2060,1.0,605000
2,2.5,1140,3.0,425000
4,2.5,2870,2.0,720000
6,1.5,2550,1.0,375900
3,1.0,1110,1.0,210000
2,1.0,940,1.0,234000
3,1.75,2880,1.0,285000
3,1.5,1200,1.0,400000
3,1.0,1030,1.0,718000
2,2.5,1240,2.0,174500
3,2.0,1200,1.0,222400
3,3.25,2780,2.0,402500
3,2.25,1765,2.0,250000
4,2.5,1960,1.0,600000
2,2.5,2680,1.0,930000
3,2.0,1410,1.0,272500
4,2.5,2240,2.0,363990
4,2.75,3120,2.0,575000
3,2.25,1450,2.0,400000
3,3.0,2340,2.0,427874
5,2.75,2481,2.0,309000
3,3.25,1530,2.0,320000
3,2.25,1250,1.0,390000
1,0.75,560,1.0,299000
4,1.75,2200,1.0,375000
3,1.75,1460,1.0,240500
3,1.5,1650,1.0,320000
3,2.25,2560,2.0,658588
3,2.25,2080,1.5,270000
3,1.0,1070,1.0,327500
3,1.75,2190,2.0,340000
3,1.5,2060,1.5,200000
3,2.5,1720,1.0,275000
2,1.0,960,1.0,280000
3,2.5,2340,1.0,485000
3,1.75,2090,2.0,865000
3,2.5,1820,2.0,532000
4,2.5,2310,2.0,364950
3,1.0,920,1.0,212500
1,1.0,790,1.0,135000
2,1.75,1500,1.0,437000
3,1.0,1240,1.0,390000
4,2.5,2730,2.0,760000
3,1.0,1170,1.0,119500
4,2.5,2700,2.0,837500
4,1.75,1650,1.0,327500
2,1.0,670,1.0,175000
3,2.0,1670,1.0,289950
3,1.75,1530,1.0,400000
3,2.25,1500,1.0,219950
4,1.75,1720,1.0,161700
5,3.0,2920,2.0,500000
3,1.0,910,1.0,465000
3,1.0,1050,1.0,540000
3,2.0,1540,1.0,525000
3,1.0,1210,1.0,324950
5,2.5,2650,1.0,565000
3,2.0,1990,1.0,760500
4,2.5,4060,1.0,603500
5,2.5,2300,1.0,453500
6,2.75,2630,1.0,583000
2,1.0,770,1.0,275000
4,2.75,3790,2.0,875000
4,2.75,2540,1.0,335000
4,2.25,2500,1.0,646000
4,2.5,2150,2.0,392500
3,1.75,1670,1.0,785000
3,2.0,1800,1.0,470000
3,2.5,2070,2.0,560000
2,1.0,830,1.0,519000
3,2.25,2370,1.0,746000
3,1.0,1010,1.0,317000
3,1.5,1420,1.0,371000
4,2.0,2120,1.5,250000
4,1.75,2020,1.0,532000
3,2.5,1520,2.0,499950
2,1.0,820,1.0,375000
3,2.5,1690,2.5,640000
3,2.0,2260,1.0,400000
3,2.25,1830,1.0,572000
3,2.0,1350,1.0,310000
5,3.5,3280,2.0,989000
4,2.5,2770,2.0,685000
4,2.5,2770,2.0,907500
4,2.5,2460,2.0,427500
3,3.25,4720,2.0,860000
2,1.0,1250,1.0,365000
3,2.0,1710,2.0,250500
3,1.75,1840,1.0,411715
4,2.5,2000,2.0,415000
1,1.0,650,1.0,129000
3,1.5,1020,1.0,489000
2,1.0,1500,1.0,170000
3,2.5,2060,2.0,418500
3,1.5,1810,1.0,261000
2,1.75,1650,1.0,355000
3,3.25,1540,3.0,742000
3,1.5,2080,1.0,399950
3,2.25,2430,2.0,791000
5,2.0,1750,1.0,190000
3,1.75,1770,1.0,229500
3,2.5,1710,2.0,539000
4,2.25,2740,2.0,549000
5,2.5,2730,1.0,545000
3,2.5,2437,2.0,285000
4,2.5,3290,2.0,648000
4,3.5,2910,2.0,610000
3,2.0,1630,1.0,767450
4,3.0,4410,2.0,765000
3,2.5,1780,3.0,586500
3,3.25,1540,2.0,520000
3,1.75,1420,3.0,455000
3,2.5,2680,1.0,653000
3,2.0,1750,1.0,279950
3,2.5,2170,2.0,449950
3,2.75,2390,1.0,565000
4,2.25,2400,1.5,620000
3,1.0,1690,1.0,269000
3,3.5,3250,2.0,875000
4,3.75,4610,1.0,630000
4,2.75,2440,2.0,425000
3,1.75,1290,1.0,647500
4,1.0,2000,1.5,450000
3,1.0,1050,1.0,440000
4,2.5,2340,2.0,445000
4,2.25,2210,2.0,530000
5,2.5,2920,2.0,875000
3,2.75,3150,2.0,685000
3,3.5,3590,2.0,798000
4,2.5,1910,2.0,297500
4,2.75,3110,2.0,749950
5,3.0,2440,1.0,495000
4,2.25,1330,1.5,540000
3,1.75,1460,1.0,395000
2,2.5,1150,2.0,214100
4,1.5,1920,1.0,210000
3,2.5,2520,1.5,499500
2,1.0,970,1.0,546000
5,2.5,2490,1.0,292000
3,2.0,1680,1.0,289000
3,1.0,1150,1.0,240000
4,3.0,1980,1.0,395000
4,2.25,2070,1.0,795000
4,4.25,5660,2.0,955000
4,2.75,2420,1.0,725000
4,2.5,2610,2.0,335000
4,3.75,2810,2.0,492000
3,2.5,1510,1.0,250000
3,1.75,1910,1.0,700000
3,1.75,1700,1.5,545000
4,2.75,2020,1.0,555000
3,1.75,2340,1.0,640000
3,2.0,1463,3.0,390000
3,1.0,1430,1.0,466500
3,1.5,1180,1.0,372500
3,2.5,1610,2.0,255000
3,2.5,1480,2.0,466800
3,2.5,2670,2.0,749000
4,1.75,1830,2.0,610000
2,1.0,920,1.0,356000
3,1.0,1150,1.0,165000
2,1.0,1190,1.0,229000
4,3.25,4160,2.0,530000
3,2.5,2370,2.0,499950
4,1.75,1660,1.5,619000
3,2.5,1480,1.0,547000
4,2.5,2390,2.0,359800
3,3.5,1690,2.0,499000
3,1.0,1010,1.0,189000
4,3.5,3500,2.0,799000
4,2.75,2330,1.0,257000
3,1.5,1890,1.0,270000
4,1.75,2000,1.0,453500
3,1.0,1130,1.0,237000
4,1.75,1670,1.0,456000
3,2.5,2600,2.0,355500
4,1.75,1560,1.0,299950
3,2.0,1170,1.0,335000
4,2.5,2100,2.0,268500
3,2.25,1710,1.0,385000
4,2.75,2420,2.0,376000
4,2.0,1370,2.0,605004
4,2.0,2660,1.5,886000
4,2.5,2260,2.0,560000
4,2.5,2070,2.0,343000
3,1.0,1500,1.0,270000
4,2.5,2658,2.0,411605
4,2.5,2700,2.0,550000
3,2.25,1530,2.0,465000
3,2.5,1480,2.0,584000
3,3.0,1390,2.0,275000
3,2.5,1660,2.0,324500
3,2.5,2050,2.0,700000
4,1.0,1550,1.5,385200
4,2.25,1900,1.0,270000
4,2.5,2820,2.0,735000
2,1.5,1490,1.0,389250
3,1.5,1750,1.0,315000
4,2.5,2040,2.0,545000
3,1.5,1900,1.5,550000
3,1.75,1910,1.0,415000
3,1.0,1560,1.0,387500
3,1.75,1470,1.0,432000
3,2.5,2700,1.0,402000
3,2.0,1970,1.0,294700
3,2.5,2670,2.0,744000
3,2.5,2550,2.0,715000
4,1.0,1720,1.5,500000
4,2.5,2840,2.0,650000
4,2.75,3270,2.0,435000
3,1.75,1480,1.0,510000
5,2.75,2440,1.0,525000
4,2.75,2880,1.5,920000
2,1.0,1730,1.0,200000
2,1.0,1260,1.5,435000
4,2.0,2230,1.5,809950
4,1.75,2050,1.0,455000
3,2.5,2030,2.0,471000
2,1.0,810,1.0,253500
3,1.0,1840,1.0,185000
3,1.5,1730,2.0,535500
2,2.0,2280,1.0,835000
4,2.5,2630,2.0,589500
3,2.25,2270,1.0,680000
3,1.75,1020,1.5,360000
4,2.5,1990,2.0,595000
4,2.5,2680,2.0,300000
3,1.75,1980,1.5,660000
3,2.5,2400,2.0,570000
2,1.0,780,1.0,285000
3,2.0,980,1.0,435000
3,1.0,1210,1.0,160000
5,2.5,4600,1.0,805000
3,2.5,1480,2.0,450000
4,1.5,1320,1.0,510000
3,2.0,2260,1.0,539000
4,2.0,1880,2.0,407193
3,1.75,1370,1.0,320000
4,3.0,2720,2.0,739000
2,1.75,1740,1.0,452000
4,2.5,2560,2.0,600000
5,2.5,2690,2.0,279000
4,3.0,3240,2.0,895000
4,2.5,2430,2.0,585000
2,2.0,1405,2.0,405000
5,2.75,3030,2.0,837219
4,2.5,4150,2.0,969990
3,3.0,1730,3.0,490000
6,2.5,3820,1.0,611000
4,2.5,3070,2.0,462000
4,2.5,1780,2.0,540000
4,2.5,1811,2.0,260000
4,2.25,2450,2.0,510000
3,2.5,2300,2.0,567500
2,1.0,1440,1.0,445000
4,2.25,2370,2.0,684680
3,1.0,1300,1.5,455000
5,3.0,2870,2.0,540000
3,2.75,3400,2.0,530000
3,1.0,1410,1.0,410000
3,1.75,1640,1.0,450000
4,2.5,3190,2.0,609900
4,2.5,2380,2.0,648000
3,2.5,2260,2.0,550000
3,1.75,1240,1.0,347000
3,1.5,1860,1.0,288350
3,3.0,2470,2.0,525000
3,2.25,2210,2.0,250250
4,1.75,1920,1.0,341000
4,3.0,3150,2.0,700000
4,1.75,2700,1.5,390000
3,2.25,2190,1.0,539950
2,2.5,1380,3.0,552000
5,1.5,2520,1.5,250000
3,1.75,1300,1.0,502000
4,1.75,2220,2.0,480000
2,1.0,730,1.0,378500
3,2.5,2670,2.0,605000
4,2.5,1980,2.0,307550
2,1.0,740,1.0,304700
3,1.75,2050,1.0,568000
3,1.75,1230,1.0,385000
3,2.5,1210,3.0,345000
3,2.25,1890,1.0,435000
2,2.0,1870,1.0,579000
3,1.75,1330,1.0,236000
3,2.0,1590,1.0,305100
3,1.75,1710,1.0,368000
2,1.0,1200,1.0,255000
2,1.0,1140,1.0,400000
3,1.75,2240,1.0,440000
2,1.0,920,1.0,417000
2,1.0,800,1.0,435000
4,2.75,1980,1.0,475000
4,2.5,2800,2.0,563500
3,2.25,1680,2.0,285000
4,2.5,2330,2.0,471000
4,1.75,2240,1.5,500000
3,2.5,2140,2.0,640000
4,2.5,2170,2.0,442500
3,1.5,1150,1.0,213400
4,2.5,2030,1.5,831000
3,2.0,1350,1.0,325000
2,1.0,910,1.0,425000
4,2.5,2700,1.0,550000
4,3.5,3730,2.0,599950
4,3.25,2050,2.0,750000
4,3.0,2390,2.0,290000
4,2.75,1990,1.0,270000
4,1.75,1300,1.0,229950
3,1.0,1330,1.0,234999
2,1.0,1000,1.0,265000
4,2.75,2190,2.0,367300
3,1.75,1380,1.5,550000
4,2.5,2610,2.0,743700
2,1.75,1060,2.0,352750
2,1.0,710,2.0,403950
4,2.5,2730,1.5,980000
4,1.75,2470,2.0,585000
3,1.75,1760,1.0,554000
3,2.5,1530,2.0,546000
2,1.75,1610,1.5,280000
2,2.0,1030,1.0,212500
4,2.5,2800,2.0,739000
3,2.0,1310,1.0,428000
4,2.25,3160,1.0,965000
3,3.0,2500,2.0,364900
3,1.5,2070,1.0,559000
4,1.75,1980,1.0,213000
3,2.5,2590,2.0,620000
4,1.0,1910,1.5,240000
3,2.5,2630,1.0,852500
3,2.5,2630,2.0,600000
3,2.5,1960,2.0,410000
3,1.75,1440,2.0,328000
3,1.75,2210,1.0,625000
4,2.5,2350,2.0,649950
3,1.0,1590,1.5,235000
3,3.5,1500,2.0,489000
3,2.5,1900,2.0,536000
4,3.5,2370,2.5,400000
3,2.5,1720,2.0,398000
4,1.5,2020,1.0,379000
2,1.5,1340,2.0,345000
3,2.5,1800,2.0,365000
3,2.5,1480,2.0,315000
4,2.0,2750,1.5,571000
3,2.75,2540,2.0,695000
3,1.75,1760,1.0,225000
3,2.5,3000,2.0,740000
4,2.5,1930,2.0,315000
2,1.0,860,1.0,420000
3,1.75,1420,1.0,310000
3,2.0,2080,1.0,700000
3,2.5,1560,2.0,269000
4,2.5,1960,2.0,369990
3,2.25,1620,2.0,800000
5,3.0,3670,1.0,569000
6,1.5,1930,1.0,175000
3,1.5,1290,3.0,440000
5,2.25,1970,1.0,435000
3,1.75,1540,1.0,345000
4,2.0,2180,1.0,558000
2,1.75,1490,1.0,475000
3,2.0,2220,2.0,490000
3,1.75,2430,1.0,335000
2,0.75,1392,1.5,350000
4,1.0,1120,1.0,100000
4,1.0,1390,1.5,417500
3,1.75,2040,1.0,253000
4,2.5,3020,2.0,490000
3,1.75,2290,1.0,470000
4,2.0,1210,1.0,483300
3,2.5,2510,2.0,659000
4,1.75,2320,1.0,480000
3,1.0,970,1.0,165000
3,1.75,1820,1.0,659500
3,1.0,970,1.0,219900
2,1.0,1740,1.0,315000
3,1.75,1590,1.0,250000
2,1.0,1380,1.0,268000
4,1.5,1680,1.0,380000
2,1.0,1220,1.0,499000
2,2.0,1651,1.0,285000
3,1.75,1330,1.0,183000
3,3.25,1410,3.0,429000
2,1.0,1100,1.0,403000
3,1.5,1530,1.0,375500
3,2.0,2110,1.0,516200
4,1.75,1720,1.0,385000
3,2.5,1800,2.0,515000
4,2.5,2210,2.0,375000
4,2.25,2560,2.0,650000
2,1.5,1010,2.0,306888
4,2.5,3340,2.0,870000
4,1.0,1740,1.5,310000
3,2.0,1320,1.0,251750
3,1.75,1520,1.0,366000
3,1.5,2010,1.0,429950
3,3.5,2440,2.0,710000
5,2.5,2550,1.0,895000
3,1.0,1010,1.0,149500
3,2.5,1780,1.0,310000
3,2.0,2180,1.5,555000
5,3.25,2750,2.0,750000
4,3.25,3490,2.0,745000
3,2.5,2550,2.0,695000
3,1.75,1870,1.0,433000
4,1.0,1150,1.5,307000
3,1.75,2050,1.0,655275
4,2.75,1940,2.0,392000
3,1.75,1890,2.0,359950
4,2.0,1630,1.0,360000
4,1.75,2440,1.0,566000
5,2.75,3100,2.0,700000
3,2.5,2090,2.0,415000
3,1.0,920,1.0,199500
3,1.0,1580,1.5,749000
3,1.75,1760,1.0,680000
4,2.5,2530,1.0,400000
4,2.75,2490,1.0,608000
4,4.5,3870,2.0,589900
5,2.5,2732,1.0,480000
6,3.75,2930,2.0,915000
4,3.5,3510,2.0,695000
4,2.5,2580,2.0,899900
2,2.25,1060,2.0,499950
4,2.75,2790,2.0,533112
4,2.5,2009,2.0,303210
5,2.75,2880,2.0,525000
2,1.0,710,2.0,399950
3,2.5,2070,1.5,850830
3,2.0,1370,1.0,371500
3,1.75,1730,1.0,522000
4,2.0,1680,1.0,588000
2,1.0,1350,1.0,276900
5,1.5,1510,1.0,248000
3,2.5,1860,2.0,280000
6,5.0,3440,2.0,495000
6,3.0,4250,2.5,665000
2,1.0,860,1.0,290300
2,1.75,1640,1.0,527000
2,1.5,1295,2.0,487028
3,1.75,1790,1.0,325000
3,1.5,2210,1.5,799000
3,1.0,940,1.0,354000
3,1.5,1160,1.0,262500
3,2.5,1990,2.0,560200
3,1.0,1050,1.0,220000
2,1.0,1030,1.0,650000
3,2.5,1420,3.0,435000
4,3.75,2690,2.0,800000
2,1.0,700,1.0,200000
5,3.5,2100,2.0,295000
4,2.75,2240,1.5,580379
4,2.5,3470,2.0,875000
3,2.5,3370,2.0,515000
4,2.5,2790,2.0,599000
3,2.5,1870,2.0,285000
3,1.75,1520,1.0,290000
1,1.75,750,1.0,355000
3,1.5,1460,1.0,381000
3,2.5,2600,2.0,571000
4,2.5,3320,2.0,852600
3,1.0,890,1.0,371000
3,1.75,1720,1.0,514000
3,1.5,1270,2.0,386000
4,2.5,2180,2.0,464000
4,2.25,2030,1.0,335000
4,2.75,2490,2.0,740000
4,1.75,1470,1.0,465000
3,2.75,2500,1.0,700000
3,3.5,4500,2.0,785000
3,3.25,1460,2.0,350000
1,1.0,620,1.0,148000
3,1.75,1550,1.0,530000
3,2.5,1430,3.0,349000
3,1.5,1360,1.5,240000
3,2.5,2210,2.0,330000
4,1.75,2460,1.5,735000
3,2.5,2180,1.0,545000
3,1.75,1570,1.0,214950
4,2.75,4140,2.0,657500
3,1.0,1140,1.5,476000
2,1.0,800,1.0,110000
4,2.75,2414,2.0,292000
3,1.0,1160,1.0,317000
4,2.5,3170,2.0,455000
3,2.0,2060,1.0,460000
3,2.0,1640,1.0,405000
2,1.0,720,1.0,333000
4,1.0,1860,1.5,427000
4,2.5,2810,2.0,742000
4,2.5,2090,1.0,465000
4,2.5,3280,2.0,809950
4,2.0,2090,1.5,619400
3,1.75,2430,1.0,762400
5,2.25,2520,2.0,535000
5,3.0,2510,1.5,881000
4,2.75,3370,1.0,813000
3,2.0,1640,1.5,234000
3,2.5,2250,2.0,308900
4,2.5,2300,1.0,450000
3,3.5,1650,3.0,547500
2,1.0,710,2.0,399950
4,3.5,2550,2.0,516000
2,1.5,982,2.0,250000
3,2.25,1630,2.0,475000
4,2.5,2550,2.0,415000
2,1.25,1240,2.0,545000
3,2.5,2456,2.0,329950
3,3.5,3950,1.5,784000
4,2.25,2180,2.0,610750
4,2.5,3140,1.0,578000
3,1.75,1970,1.0,501000
5,2.0,1940,1.5,465250
2,1.0,970,1.0,315000
4,2.25,2460,1.0,900000
4,2.5,3010,2.0,789500
3,2.0,2460,1.0,678500
3,2.0,2080,1.0,342500
4,3.25,3960,2.0,860000
4,2.5,2490,2.0,306000
5,2.0,2060,2.0,580000
3,1.0,1330,1.0,405000
3,1.75,1600,1.0,510000
2,1.0,820,1.0,173000
4,1.75,1200,1.0,210000
3,1.0,1050,1.0,445000
3,2.5,1910,2.5,585000
3,1.75,1800,1.0,381000
3,2.25,2060,1.0,890000
3,1.75,1840,1.0,235000
3,2.5,1250,3.0,480000
2,1.0,1510,1.5,575000
4,2.25,2300,1.5,350000
4,1.5,1490,2.0,259000
5,2.75,2820,1.0,599000
4,1.5,1130,1.0,210000
3,1.0,1510,1.5,545000
3,2.5,1970,2.0,299995
3,1.0,1210,1.5,440000
4,2.5,3280,2.0,699000
3,2.0,2420,1.0,795000
5,1.75,2460,1.5,445000
3,1.0,1180,1.0,397990
3,2.75,1900,1.0,706000
3,3.25,1651,2.0,363000
4,2.25,2130,2.0,850000
2,1.0,1430,1.5,620000
4,2.5,1910,1.0,333000
3,1.75,2110,1.0,743000
2,1.5,1630,1.0,448000
4,2.5,2470,2.0,485000
4,2.25,2640,1.0,489950
5,2.75,2990,2.0,498500
3,2.5,2120,2.0,531000
3,2.5,2050,1.0,670000
5,3.0,1880,1.0,310000
3,3.0,2790,2.0,835000
4,2.5,2140,2.0,495000
3,2.0,1769,1.0,495000
3,1.0,1710,1.5,440000
1,0.75,420,1.0,280000
4,2.5,1770,2.0,248000
4,2.5,2210,1.0,294000
3,2.25,1710,2.0,561000
4,2.0,2710,1.0,656500
3,3.0,2340,2.0,660000
2,1.0,1220,1.0,370000
3,1.0,1060,1.0,349950
2,1.0,910,1.0,223000
4,1.75,1880,1.5,560000
4,1.75,1870,2.0,594000
3,2.25,1480,2.0,600000
3,2.5,1880,2.0,315000
4,1.75,1890,1.0,430000
3,2.75,1560,1.0,440000
2,1.5,1070,2.0,312500
3,3.25,1470,2.0,300000
3,2.5,2570,2.5,680000
2,2.25,1170,2.0,336750
5,3.5,2320,2.0,822500
4,3.0,2440,2.0,589000
4,2.5,4120,2.0,863000
2,1.75,1440,1.0,210000
3,1.0,1340,1.0,206135
3,1.75,1840,1.0,285000
2,1.0,930,1.0,230000
4,2.75,4070,2.0,845000
3,1.75,1820,1.0,350000
3,1.0,1280,1.5,304000
2,1.0,900,1.0,370000
3,1.75,1980,1.0,810000
4,2.25,2010,1.0,440000
4,2.0,3140,1.0,775000
3,1.75,1900,1.0,235000
3,1.0,1830,1.5,499950
5,2.75,3320,2.0,622500
4,2.5,2700,1.0,300000
3,1.0,1290,1.0,205000
3,1.75,1500,1.0,435000
4,2.75,3650,1.5,697000
3,1.0,1270,1.5,153000
4,2.25,2630,2.0,454000
2,1.5,1800,1.0,345000
3,1.0,1870,1.5,585000
4,2.5,2540,2.0,380000
4,2.5,1930,1.0,250600
4,2.25,2770,2.0,890000
4,2.5,2220,2.0,370000
3,1.5,1650,1.0,369500
4,2.5,3670,2.0,883000
4,2.5,3770,2.0,950000
3,1.75,2350,1.0,615000
3,1.5,1210,1.0,305000
4,2.5,2010,2.0,590000
3,2.5,1580,2.0,485000
2,1.0,710,1.0,215000
3,2.0,1910,1.5,430000
4,2.5,1880,2.0,324900
2,2.0,2280,2.0,849900
5,2.75,3100,1.0,975000
5,2.5,2350,2.0,910000
3,1.75,1850,1.0,459950
3,2.5,2070,2.0,325000
4,2.75,2020,1.0,513000
3,2.25,1580,1.0,475000
4,2.5,2690,2.0,419000
4,2.5,2420,1.0,760000
2,1.0,1150,1.0,129000
5,2.5,3210,1.0,725000
3,2.5,2040,2.0,580000
3,2.25,1920,1.0,385000
4,1.75,1900,1.0,265000
3,2.5,1070,2.0,330000
4,2.5,2790,2.0,665000
3,2.5,2860,2.0,799000
3,2.0,2250,1.0,589000
3,1.0,1460,1.0,538000
3,1.0,1540,1.5,530100
3,2.0,2910,2.0,718500
3,1.75,1180,1.0,299000
3,1.75,1640,1.0,556000
4,2.0,1520,1.0,171000
5,3.0,3610,2.0,540000
3,2.25,1400,2.0,250000
4,3.5,3200,2.0,795000
3,3.0,1384,2.0,575000
3,2.25,1410,2.0,379500
4,2.5,2050,2.0,385000
4,2.5,1750,2.0,415500
3,2.0,1510,1.0,397500
3,2.5,1930,2.0,530000
4,2.5,2960,2.0,883000
5,2.75,2920,1.0,850000
2,1.0,1980,1.0,496752
3,1.75,1430,1.0,330000
4,2.75,2450,2.0,735000
4,2.75,2360,2.0,525000
3,2.5,1890,2.0,269950
3,1.75,2140,1.0,650000
3,2.0,1900,1.0,520500
4,2.5,2700,2.0,652500
5,3.0,2430,1.0,506000
3,1.0,1110,1.0,416000
4,2.75,2280,1.0,500000
3,1.75,1550,1.0,460000
3,2.0,1530,1.0,371025
4,2.5,2440,2.0,576000
4,2.25,1760,2.0,353500
3,1.75,1070,1.0,183000
3,1.75,1990,1.0,763101
2,1.5,1090,1.0,460000
4,1.5,1890,1.5,825000
3,1.0,1000,1.0,265000
3,1.75,1770,1.0,295000
4,3.0,2360,1.0,418000
3,3.5,3380,2.0,554000
3,2.5,1700,2.0,534500
2,1.75,1600,1.0,690000
4,2.5,2050,2.0,530000
2,1.75,1210,2.0,357186
5,3.0,1940,1.0,300000
4,2.0,1810,1.0,304000
4,1.75,1690,1.0,385000
4,2.0,1800,1.0,415000
4,3.5,3280,2.0,963000
4,2.5,4290,2.0,792500
3,1.75,1150,1.0,309212
2,1.5,880,2.0,235000
3,1.5,1720,2.0,667000
3,1.5,1510,1.0,470000
4,2.0,1240,1.0,375000
4,2.0,1580,1.0,410000
4,2.25,2170,2.0,566000
4,2.75,2500,2.0,680000
1,1.0,960,1.0,332000
4,2.5,3030,2.0,902000
3,1.75,1540,1.0,500000
3,1.75,1890,1.5,445000
4,2.5,2810,1.0,825000
3,1.0,1100,1.0,277000
3,2.5,1940,1.0,545000
3,2.5,2300,2.0,435000
3,2.5,2110,2.0,638000
4,1.5,1220,1.0,418000
3,1.75,1750,1.0,499000
3,1.5,1230,1.0,150000
3,2.5,3100,2.0,759950
3,2.5,1830,1.0,427000
5,2.5,2640,2.0,632500
6,1.75,1840,1.0,660000
4,2.5,3190,2.0,862000
2,1.0,1120,1.5,524000
3,1.5,1760,1.0,470000
3,2.0,1590,2.0,385000
4,2.5,2120,2.0,575000
4,2.5,2240,1.0,220000
2,1.0,890,1.0,460000
3,1.5,1220,1.0,175000
3,2.25,2670,1.0,465000
3,1.0,1120,1.0,552000
4,2.75,3130,2.0,565000
4,2.5,1740,1.0,518000
4,3.5,3290,2.0,899950
3,1.0,1770,1.5,373000
4,2.5,2960,2.0,385000
2,1.0,1200,1.0,245000
4,2.0,2400,2.0,375000
4,3.5,2690,2.0,699850
6,2.25,3550,1.0,450000
2,1.5,1310,1.5,455000
4,2.75,2610,3.0,650000
5,2.5,2760,1.0,378000
3,2.0,1410,1.0,220000
4,1.75,1960,1.0,285500
3,2.5,1212,3.0,340000
4,1.5,2220,1.0,921000
4,2.5,2040,1.5,375000
4,2.75,2800,2.0,999000
3,1.5,2040,1.0,335000
2,1.0,830,1.0,385000
4,3.5,4140,2.0,850000
5,2.5,2340,2.0,429000
3,2.25,1420,3.0,523950
3,2.75,2670,1.0,798800
3,2.5,1880,2.0,284000
4,3.25,3450,2.0,852880
3,2.25,1200,3.0,320000
4,3.25,3430,2.0,749995
3,2.5,1350,2.0,468500
5,2.5,2570,2.0,492500
4,3.5,2840,3.0,685000
4,2.5,2650,2.0,542525
3,2.0,1980,3.0,435000
3,1.75,1280,1.5,242000
4,2.5,2610,2.0,325000
5,2.75,3010,2.0,837700
1,1.0,930,1.0,210000
3,1.5,1180,1.0,187500
5,1.0,1710,1.5,560000
3,2.0,1380,1.0,272000
3,1.75,1190,1.0,235000
3,2.0,1870,1.0,259000
5,3.5,3130,2.0,866059
2,1.0,900,1.0,473000
3,1.5,1880,1.0,405000
4,4.25,3010,2.0,870000
3,2.25,2280,1.0,475000
3,2.5,2970,2.0,499500
2,2.5,1620,2.0,386000
4,1.5,1550,1.5,458000
3,1.75,2240,2.0,550000
3,2.5,2830,2.0,605500
3,2.5,2890,2.0,421000
4,2.25,1990,2.0,536000
3,1.75,1370,1.0,247200
2,1.5,1088,2.0,250000
4,1.75,1740,1.0,204950
3,2.0,1730,1.0,430000
4,2.5,1800,2.0,250000
3,1.75,1440,1.0,260000
4,1.0,1720,1.5,547000
5,3.5,2800,2.0,379900
3,2.5,2300,1.0,738500
4,2.25,2030,1.0,545000
2,1.0,740,1.0,342000
4,1.0,1920,1.0,170000
4,2.5,2490,2.0,616000
3,2.0,1380,1.0,640000
3,2.5,1530,1.0,332000
4,2.5,2150,2.0,380000
4,2.0,1610,1.0,415000
4,2.75,2700,2.0,669000
3,1.5,1270,1.0,260000
4,2.75,3150,1.0,854000
3,2.25,2010,2.0,605000
3,1.0,860,1.5,320000
3,2.0,1410,1.0,229950
3,1.75,1700,1.0,255000
2,2.25,1230,2.0,479000
3,2.5,1180,3.0,472000
3,1.5,1430,1.0,198000
4,2.0,1450,1.5,440000
3,1.75,2180,1.0,506000
4,2.5,2210,2.0,382500
2,1.5,1480,1.0,269500
3,2.0,2340,1.0,560000
4,3.5,3860,2.0,840000
3,2.75,2300,2.0,479500
3,1.5,1450,1.0,402000
2,2.5,1380,3.0,549000
4,2.5,2470,2.0,449950
4,1.75,2030,1.5,493000
4,0.75,1440,1.0,142500
3,1.75,1160,1.0,250000
3,1.0,1580,2.0,729000
2,2.75,1430,2.0,465000
2,2.0,1494,2.0,465000
4,2.25,1930,1.0,280000
6,1.75,2740,1.0,675000
3,2.0,1880,1.0,667500
3,2.5,2590,2.0,809000
3,2.25,2140,2.0,400000
4,2.0,1870,1.5,310000
2,1.0,1230,1.0,435000
4,2.5,2340,2.0,465950
3,1.5,880,1.0,253000
3,2.5,3040,2.0,330000
4,1.0,1120,1.5,554000
3,2.0,1380,3.0,350000
4,2.5,1660,2.0,294999
4,2.5,2940,2.0,752000
4,2.5,1670,2.0,451000
4,2.75,2630,2.0,725000
4,2.75,2250,1.0,345000
3,1.0,1320,1.0,206000
5,2.0,2700,1.0,580000
3,1.0,980,1.0,430000
4,2.5,2650,2.0,720000
7,4.25,3670,2.0,824000
3,1.75,2960,1.0,936000
4,2.75,3070,2.0,535000
3,2.5,1413,2.0,286800
2,2.5,1260,3.0,350000
3,2.5,1680,2.0,345000
3,2.25,1230,2.0,435000
3,3.25,2770,2.0,461000
3,2.25,2910,2.0,770000
3,2.5,1600,2.0,330000
4,2.5,1820,2.0,322500
3,1.75,1700,1.0,475000
2,1.0,790,1.0,250275
3,2.25,1720,1.0,274500
3,1.0,990,1.0,284950
4,1.75,1770,1.0,264950
3,2.0,1260,1.0,242000
4,2.5,3640,2.0,913000
3,1.75,2040,1.0,555000
4,1.75,1980,1.0,711000
5,2.5,3600,1.0,403500
4,2.5,4270,1.0,975000
4,2.0,2030,1.5,253779
3,3.25,1689,3.0,384400
5,2.75,2870,1.0,646000
3,1.75,1270,1.0,415000
4,2.5,2790,2.0,764000
5,3.25,3850,2.0,507000
3,2.5,1560,1.5,545500
3,1.75,1180,1.0,450000
4,1.75,1820,1.0,264000
5,1.75,1260,1.5,650000
3,2.5,2640,2.0,365000
2,1.0,1100,1.0,343566
3,2.5,1950,2.0,375000
3,2.0,1380,1.0,295000
3,2.75,2200,1.0,325000
4,1.5,2050,1.0,265000
5,3.0,2795,2.0,562000
4,2.5,2050,2.0,540000
5,1.75,2150,1.0,279950
3,1.75,1970,1.0,540000
4,2.5,2660,1.0,310000
1,1.0,720,1.0,190000
4,2.5,2410,2.0,440000
2,1.0,1080,1.0,230000
3,1.75,1180,1.0,455000
2,1.0,660,1.0,175000
3,1.75,2920,1.0,650000
3,1.0,1080,1.5,192500
3,1.75,1670,1.0,239950
6,1.0,1370,1.5,175000
5,3.5,3450,1.0,850000
4,2.0,1970,1.0,410000
4,2.5,2290,2.0,570000
5,2.5,2240,1.0,469000
2,1.0,1240,1.0,559000
3,2.5,2420,2.0,739888
5,3.5,3260,2.0,568450
2,1.0,670,1.0,240000
5,3.25,3160,2.0,574950
3,2.25,1990,2.0,180000
3,2.5,1700,2.0,300000
4,2.5,2807,2.0,630000
4,1.75,1770,1.0,507000
4,2.5,2570,1.0,287500
3,3.0,3450,2.0,688000
3,2.0,1670,1.0,424000
3,1.75,1050,1.5,400000
4,2.5,1910,2.0,620000
3,1.0,910,1.0,300000
5,2.25,2480,2.0,615000
2,1.5,1820,2.0,206000
4,2.5,2920,2.0,515500
5,2.25,1870,1.0,554000
4,3.5,3810,2.0,825000
4,2.25,2190,2.0,855000
3,2.5,1730,2.0,315000
5,2.5,2220,1.0,299000
3,1.5,1320,1.0,650000
3,1.75,1510,1.0,465000
3,2.0,2120,2.0,535000
2,2.0,1690,1.0,564000
3,3.5,1360,2.0,515000
4,2.5,3250,2.0,580000
3,2.25,1490,2.0,309000
3,1.75,1930,1.0,536751
4,2.5,2020,2.0,415000
3,2.25,1584,2.0,267000
4,2.5,3170,2.0,820000
2,2.5,1430,3.0,485000
3,3.25,1380,3.0,482000
4,2.5,2610,2.0,535000
3,3.25,1540,3.0,690000
3,2.5,1940,1.0,576000
3,2.5,2160,1.5,378750
4,1.75,1530,1.5,269900
3,2.0,1440,1.0,210000
4,2.5,2640,2.0,429900
4,2.5,2850,2.0,360000
2,1.0,1260,1.0,405000
3,1.75,1610,1.0,450000
3,2.0,1360,1.5,703000
4,2.5,2496,2.0,661000
4,2.25,2160,1.0,580000
3,1.0,1320,2.0,464000
2,2.5,2540,2.0,945000
4,3.0,2620,1.0,659500
3,1.5,1140,1.0,200000
3,2.0,1790,1.0,280000
3,2.0,2140,1.0,346150
3,1.0,1330,2.0,197500
4,2.5,2590,2.0,799000
2,1.0,1620,1.0,350000
4,2.5,2440,2.0,720000
3,2.75,2020,1.0,519000
3,1.5,1470,2.0,590300
6,2.75,2520,1.0,410000
2,1.75,1440,1.0,437000
3,2.25,1640,1.0,221000
4,2.25,2150,1.0,380000
2,1.0,1570,1.0,506000
4,1.0,1980,1.0,395000
3,1.0,1210,1.5,285000
3,1.75,1900,1.5,311000
3,1.75,1940,1.0,520000
3,1.75,1310,1.0,435000
2,1.0,990,1.0,120000
3,2.0,1340,1.0,186000
4,2.25,2160,1.0,756000
4,2.0,2080,1.0,248000
3,2.0,1300,1.5,287000
4,2.5,2610,2.0,510000
3,1.0,1050,1.0,249000
3,2.5,2480,2.0,340000
4,2.25,1820,1.5,399888
3,1.75,1170,1.0,440000
4,2.25,2370,1.0,899000
5,3.75,3090,2.0,540500
3,1.75,2310,1.0,385000
4,2.25,2060,1.0,558000
3,2.0,2540,1.0,600000
4,2.5,2400,2.0,450000
3,1.0,1320,1.0,232500
2,1.0,790,1.0,436000
4,2.0,1790,1.0,240000
3,2.25,1820,2.0,489950
6,2.0,1670,1.0,680000
3,2.0,1430,1.0,352450
4,2.0,2030,1.0,335000
4,1.75,1290,2.0,549000
4,3.25,2520,1.5,618250
2,1.75,1590,1.5,850000
5,2.0,3530,1.5,930000
3,2.5,1610,2.0,505000
4,2.5,3280,2.0,925000
3,1.75,1860,1.0,275000
3,1.75,1840,1.0,499000
3,2.5,2120,2.0,507000
4,2.5,2270,1.0,619850
3,2.5,2840,1.0,500000
4,1.5,1220,1.0,310000
4,2.5,2310,2.0,646000
3,1.75,1840,1.0,265000
3,2.5,950,2.0,475000
4,2.25,3070,2.0,600000
3,2.0,1730,1.0,470000
2,1.0,920,1.0,319950
3,2.75,3200,2.0,712000
4,2.75,3010,2.0,775000
3,2.25,1600,1.0,390000
4,2.5,2840,2.0,585000
3,1.75,1750,2.0,232603
3,2.25,1240,3.0,543000
3,3.25,1530,3.0,607500
3,3.5,3390,2.0,750000
3,2.5,2320,1.0,728050
4,2.5,2650,2.0,734990
3,2.5,2238,2.0,330000
4,2.5,2620,2.0,605000
3,2.75,1910,1.0,441000
4,2.5,3040,2.0,650000
3,1.0,1500,1.0,395000
1,0.75,380,1.0,245000
4,3.5,2970,2.0,905000
4,3.25,3030,2.0,660000
4,2.5,1890,1.0,378000
2,1.0,1040,1.0,600000
4,2.5,2090,2.0,632500
2,2.0,1680,2.0,210000
2,2.5,2770,2.0,754800
2,1.0,1020,1.0,175000
3,2.25,1470,2.0,455000
3,2.0,1430,1.0,450000
4,1.75,2050,1.0,790000
4,1.0,2080,1.0,480000
3,2.25,2870,2.0,850000
4,3.25,3940,2.0,725000
3,1.5,1520,1.0,380000
3,1.5,1700,1.0,979000
3,2.25,1940,1.0,359950
4,2.25,2870,2.0,665900
3,3.25,3240,2.0,812000
3,1.0,1150,1.0,203000
3,1.5,1440,1.0,456000
5,2.5,2200,1.5,547000
3,2.0,1470,1.0,280000
2,1.75,1760,1.0,640000
3,1.75,1780,1.0,477000
4,2.25,2450,1.0,455000
3,3.5,1890,2.0,587206
3,2.5,2540,2.0,425000
4,1.0,1360,1.5,511500
2,2.0,1310,2.0,218000
3,2.0,1510,1.0,332000
3,1.5,1860,1.0,291000
4,2.0,2200,1.0,279000
4,2.5,3360,2.0,950000
3,2.75,2470,2.0,970500
2,1.0,1260,1.0,412000
3,1.0,1430,1.5,400000
3,2.25,1230,1.5,200000
4,2.5,2320,2.0,397000
4,2.5,3290,2.0,715000
4,2.5,2550,2.0,371000
3,2.5,1870,2.0,458000
5,3.0,3110,1.0,436500
3,2.5,1820,2.0,329950
3,3.25,3050,1.0,950000
4,2.0,1890,2.0,282000
1,1.0,800,1.0,250000
4,1.75,2670,2.0,400000
5,2.75,3260,1.0,681500
2,1.0,860,1.0,200000
4,4.5,3850,2.0,995000
4,2.5,2040,2.0,355000
3,2.25,1790,1.0,425000
4,3.0,3740,2.0,869000
3,3.25,2660,2.0,915000
4,2.0,3140,1.0,925000
3,1.0,1160,1.5,390000
3,2.25,1860,2.0,330000
4,3.0,1630,1.0,482500
3,2.25,1750,3.0,525000
3,1.0,1300,1.0,237000
3,1.0,960,1.0,205000
3,2.5,1850,2.0,623000
4,2.75,3260,2.0,565000
4,2.25,2420,1.0,400000
3,1.0,1460,1.5,405000
4,3.0,2240,2.0,337000
2,1.0,1240,1.0,355000
3,2.25,2060,1.0,885000
5,2.75,2280,1.0,420000
4,2.5,2510,2.0,448000
4,2.75,3150,2.0,800000
5,2.25,2780,2.0,830000
6,1.75,2380,2.0,725000
3,2.25,2140,2.0,780000
2,1.0,840,1.0,325000
4,2.25,2170,1.0,488800
4,2.0,2120,1.0,489000
3,2.75,3290,2.0,595000
5,2.25,2290,1.0,359900
4,2.75,3730,2.0,925000
3,2.5,2440,2.0,625000
3,2.5,2570,2.0,339990
4,2.5,2970,2.0,775950
5,3.0,2630,2.0,420000
3,3.25,1530,2.0,654000
3,3.5,3690,2.0,725000
2,1.0,1230,2.0,375000
4,2.25,2330,2.0,639500
4,2.0,2160,1.5,849000
4,1.5,1550,1.0,418000
4,1.75,1780,1.0,442900
3,1.75,2610,1.5,750000
3,2.5,3290,2.0,930000
2,1.75,1330,1.0,565000
4,3.5,3530,2.0,874150
4,2.5,2090,2.0,545000
4,2.5,2040,1.0,500000
4,2.5,2370,2.0,687000
4,2.5,2810,2.0,810000
3,2.5,2050,1.0,439500
3,1.75,2870,1.5,802000
4,2.5,2130,1.0,732600
4,2.5,2580,2.0,374000
4,2.5,2380,2.0,330000
4,2.0,1940,1.0,365000
2,2.0,1610,2.0,290900
3,2.5,2060,1.0,577000
2,1.0,1010,1.0,280000
4,2.5,2810,2.0,675000
3,2.25,2380,1.0,800000
2,1.0,1060,1.0,299995
3,1.75,1560,1.0,440000
2,1.75,1500,1.0,249500
2,1.0,970,1.0,690000
3,1.0,1170,1.0,235000
3,2.5,2280,2.0,320000
7,3.0,2800,1.0,350000
4,1.5,1150,1.5,334000
6,3.0,2180,2.0,235000
4,2.5,2520,2.0,442000
3,1.75,1760,1.0,264000
2,1.0,1180,1.0,275000
2,1.5,950,1.0,430000
3,2.5,1900,2.0,550000
4,2.5,2300,2.0,775000
6,2.75,2660,1.0,603500
3,1.0,1530,1.5,230000
4,2.5,1850,1.0,449000
3,2.0,1200,1.0,420000
4,2.25,2270,1.0,735000
3,1.5,1090,1.0,200000
3,2.75,1100,2.0,286000
3,2.5,1640,3.0,579000
3,3.75,1950,1.0,345100
3,1.75,1660,1.5,350000
3,1.0,880,1.5,291500
3,2.5,1500,2.0,649950
3,2.0,1890,2.0,458500
3,1.0,1150,2.0,500000
3,2.5,2430,2.0,362300
4,1.75,2110,1.0,324000
3,2.0,2950,2.0,495000
3,2.25,1650,2.0,233500
3,2.25,2110,2.0,479000
4,2.25,2010,2.0,322200
4,2.5,3030,2.0,835000
3,1.0,1270,1.0,347000
3,1.75,1610,1.0,725000
3,1.0,1140,2.0,345000
3,2.5,2110,2.0,345950
3,1.75,1840,1.0,550000
3,1.75,1560,1.0,399950
3,1.75,1840,1.0,269500
4,2.5,1830,1.0,494000
4,1.75,2120,1.0,453000
3,1.75,1600,1.0,442500
4,1.75,1450,1.5,235000
3,1.75,1880,1.0,389800
3,1.75,1270,1.0,346000
4,1.5,1720,1.0,360000
4,2.5,2400,2.0,650000
3,1.0,1150,1.0,290000
2,1.0,870,1.0,234000
4,2.5,2000,2.0,260000
3,2.0,2420,1.0,349900
3,1.0,1080,1.0,275000
4,2.5,3420,2.0,725000
4,2.5,1870,2.0,375000
4,2.5,2500,1.0,806000
3,2.5,2150,2.0,470000
3,2.25,1470,2.0,490000
5,2.0,2130,1.5,615000
3,1.0,1000,1.0,249000
3,1.75,2390,1.0,396500
2,1.0,860,1.0,405000
3,2.5,1960,2.0,560000
4,2.5,2000,2.0,459950
3,1.0,1620,1.5,265000
6,2.5,2890,1.0,502000
3,1.75,1300,1.0,430000
2,1.0,1080,1.0,525000
4,2.5,2170,1.0,415000
3,2.5,2260,2.0,600000
3,1.75,1580,1.0,225000
4,2.5,2620,2.0,300000
4,2.5,1540,2.0,491234
4,3.25,3440,2.0,905000
5,2.5,1740,1.0,199950
4,1.75,2160,1.0,450000
3,1.0,1480,2.0,899000
2,1.75,2260,2.0,649000
4,3.5,3910,2.0,780000
4,1.75,1700,1.5,400000
5,2.5,4470,2.5,831500
3,1.75,1800,1.0,471001
3,3.25,1630,3.0,385000
3,1.0,1030,1.0,326000
1,1.0,720,1.0,335000
4,1.5,1890,1.0,320000
4,2.5,1840,2.0,300000
4,2.5,2540,2.0,269950
4,2.5,3220,1.5,590000
3,2.0,1820,1.5,750000
3,1.75,1230,1.0,239950
3,2.0,1340,1.0,215000
3,1.0,1200,1.0,165000
3,1.75,1390,1.0,261350
4,2.0,1730,1.0,569000
3,2.25,1580,1.0,425000
4,3.0,3520,1.0,800000
4,2.5,2650,1.0,715000
3,1.75,1310,1.0,337000
4,2.5,2300,2.0,560000
3,2.25,1780,1.0,449500
3,3.25,1980,3.0,660000
2,1.5,1300,1.0,685000
5,3.5,3500,2.0,905000
3,1.0,1830,1.0,403500
3,2.25,1520,3.0,405000
4,2.75,2700,2.0,385000
3,2.5,1660,2.0,285000
3,2.0,1310,1.0,249900
4,3.5,2960,2.0,633634
3,2.5,2242,2.0,329900
3,2.5,2540,2.0,310000
3,1.5,1420,2.0,345000
3,1.5,1270,2.0,160797
3,2.25,1300,2.0,562500
5,3.0,3190,1.0,664950
5,3.25,2910,2.0,515000
3,2.25,1630,2.0,497000
5,3.0,2300,2.0,312891
3,2.5,3310,2.0,670000
2,1.5,940,2.0,362500
2,0.75,1020,2.0,402101
3,1.75,1520,1.0,438000
4,1.75,2330,1.5,687500
3,1.5,1010,1.0,160000
3,1.75,1070,1.0,415000
3,2.5,3170,2.0,405000
4,2.5,3030,3.0,880000
3,2.5,2270,2.0,585000
4,2.5,2341,2.0,640000
3,3.5,2130,2.0,819000
3,1.75,2300,1.0,520000
3,1.0,1660,1.0,367500
4,2.75,2610,1.0,762500
3,1.0,2150,1.0,300000
3,2.5,2410,1.0,625000
2,1.5,1580,1.0,530000
3,2.5,1740,2.0,379000
2,1.0,1270,1.0,615000
2,2.25,2550,2.0,660000
3,2.25,1860,2.0,380000
4,1.75,2700,1.0,314900
3,1.5,1460,1.0,324950
3,1.75,1330,1.0,225000
3,2.5,2070,2.0,535000
3,1.5,1360,1.0,348500
4,2.5,2650,2.0,725000
4,3.0,3580,1.5,925000
2,1.0,2034,1.0,549000
3,2.0,1230,1.0,400000
4,2.5,2450,2.0,620000
6,2.75,2840,1.0,665000
4,2.5,2090,2.0,349950
4,2.0,2470,1.5,339000
3,1.75,1720,1.0,615000
4,3.25,3090,2.0,751000
4,1.75,2320,1.5,941000
4,1.75,1740,1.0,600000
4,2.5,2950,2.0,455000
3,2.5,1500,1.0,485000
3,1.5,1810,1.0,358000
3,1.0,1100,1.0,339000
3,1.0,1490,1.0,258000
2,1.5,1200,2.0,455000
4,2.5,1890,1.0,437000
3,1.75,2200,1.0,689000
4,2.5,2510,1.0,319000
3,2.25,1420,3.0,510000
3,1.75,2000,1.0,440000
4,2.5,3220,2.0,875000
4,2.0,1310,1.0,304000
2,1.0,690,1.0,139000
3,1.75,1150,1.0,464500
3,1.0,1480,1.0,336500
4,1.75,1850,1.0,230000
3,2.5,1930,2.0,425000
2,1.0,750,1.0,300000
3,2.25,1430,2.0,457500
3,1.75,1840,1.0,366000
3,2.0,1300,1.0,502000
3,1.0,1050,1.0,194000
4,2.25,2210,2.0,305000
4,2.5,4620,2.0,575000
4,1.75,1760,1.0,343500
3,1.0,850,1.0,325000
4,3.25,4690,2.0,600000
4,3.5,3920,2.0,850000
3,2.5,2140,2.0,420000
2,2.0,1180,1.0,257500
5,2.5,2360,1.0,317000
3,2.25,3060,1.5,970000
3,2.25,1670,1.0,252000
3,1.5,1820,1.5,683500
3,2.5,1970,2.0,289000
2,2.25,930,2.0,355000
3,3.5,2300,1.0,675000
3,2.5,2590,1.0,396500
4,1.75,1450,1.0,362500
4,1.75,1540,1.0,395000
5,2.75,2730,1.0,599000
3,1.0,880,1.0,218000
4,2.5,3190,2.0,589950
3,1.5,1330,1.0,218000
3,1.75,1500,1.0,360000
2,1.0,740,1.0,350000
4,3.0,2560,2.0,350000
3,2.0,2540,1.5,845000
3,2.5,3200,1.0,839000
4,3.0,3330,1.0,850000
2,1.0,900,1.0,329950
4,1.5,1600,1.5,425000
2,1.0,970,1.0,210000
2,1.0,1130,1.0,631500
2,1.0,650,1.0,295000
3,2.25,2400,1.5,575000
3,2.5,2280,2.0,415000
4,2.25,3550,1.0,859000
4,2.5,2050,2.0,639888
2,1.5,830,2.0,329445
4,2.5,2440,2.0,745641
3,2.5,1600,2.0,395000
4,3.5,3190,2.0,790000
4,1.0,2550,2.0,890000
3,2.5,2180,1.0,400000
3,2.0,1410,1.0,365500
3,2.0,1410,1.0,245000
4,2.5,2340,2.0,390000
3,1.0,1320,1.0,196500
3,1.0,1270,1.0,276900
3,4.5,4380,2.0,995000
3,2.5,1860,2.0,505000
4,1.0,1530,1.0,352000
4,4.0,3570,2.0,597326
2,1.0,1740,1.0,800000
3,2.5,1670,1.0,270000
4,2.0,1570,2.0,235000
2,2.5,1590,2.0,409900
5,2.5,2980,2.0,739900
4,2.5,2690,2.0,608000
2,1.0,900,1.0,381500
2,0.75,1440,1.0,562100
4,2.5,3000,2.0,740000
3,1.0,1640,1.5,308000
5,3.5,3100,1.0,905000
4,3.5,4000,2.0,762000
4,2.0,2020,1.5,356000
3,1.5,1840,1.5,750000
4,2.25,2100,1.0,418800
4,2.25,2460,1.0,276000
3,2.5,2610,2.0,725000
3,2.0,1460,1.0,285000
3,1.0,1050,1.0,205000
3,2.5,1790,2.0,583000
4,2.5,2180,1.5,657000
4,2.25,2050,2.0,386000
5,3.0,2790,1.0,589950
3,2.25,1700,1.5,575000
3,2.5,2380,2.0,574000
5,2.0,2000,1.5,690500
2,1.75,1670,1.0,565000
3,1.5,1190,1.0,500000
6,2.25,3040,1.0,330000
2,1.0,780,1.0,286000
3,1.5,2330,1.0,450000
4,2.75,2840,1.5,870000
4,2.5,2490,2.0,725000
2,1.0,770,1.0,275000
3,2.75,1850,1.0,645000
3,1.0,1090,1.0,152000
4,2.0,1780,1.5,315000
1,0.75,930,1.0,190000
4,2.5,2770,2.0,700000
3,1.0,1250,1.5,233000
4,2.25,1830,2.0,249000
2,1.0,870,1.0,310000
3,1.5,1150,1.0,265950
5,3.25,4500,2.0,860000
3,1.0,1150,1.5,200000
4,2.25,2000,2.0,402000
6,2.0,1900,1.0,305000
3,1.75,1640,1.0,505000
3,2.5,2420,2.0,482000
3,1.75,1790,1.0,299950
4,2.5,3920,2.0,770000
3,2.25,1640,1.0,245700
3,1.0,890,1.0,283000
4,2.75,1910,1.0,650000
5,2.25,2140,1.0,530000
3,1.75,2030,1.0,440000
3,2.25,2680,1.0,599990
4,2.5,2030,2.0,544000
2,1.0,2060,1.0,270000
2,1.0,1060,1.5,435000
3,1.0,1010,1.0,349000
4,2.5,2000,2.0,320000
4,2.5,3070,2.0,804100
3,2.25,1270,2.0,594000
4,2.75,3110,1.0,531500
3,2.25,1400,2.0,374500
4,2.75,2310,1.0,450000
5,2.5,2700,1.0,744500
5,2.25,2370,2.0,913888
4,2.5,2760,2.0,760000
2,1.75,1610,1.0,346500
3,1.75,1230,1.0,280000
3,1.75,1900,1.0,557500
3,1.5,1580,1.0,260000
3,1.75,1620,1.0,640000
7,2.5,1940,2.0,280000
3,1.0,1230,1.0,205000
5,3.25,3160,2.0,957000
5,2.5,2700,1.0,625000
4,1.5,1880,1.0,680000
2,1.0,890,1.0,150000
3,2.5,1720,2.0,255950
3,2.5,1620,2.0,246500
2,1.0,1380,1.0,450000
3,1.75,1870,1.0,595888
3,1.0,1970,1.0,454000
3,1.0,1110,1.0,299900
3,2.0,1190,1.0,200000
3,1.0,1150,1.0,346500
4,2.75,2890,1.0,585000
3,1.75,1500,1.0,383000
4,2.5,1950,1.5,519000
3,1.5,1250,1.0,410000
4,2.5,2070,2.0,578000
2,2.25,1350,2.0,395000
3,2.5,1800,2.0,364000
3,2.25,1481,2.0,240000
3,2.5,1730,2.0,328423
4,2.75,2720,2.0,594000
3,2.5,2320,3.0,425000
3,2.5,1860,2.0,309620
5,2.5,2025,2.0,260000
3,2.5,1400,3.5,563500
5,3.0,2620,2.0,975000
3,1.75,2450,2.0,937000
3,3.5,1590,3.0,518500
4,1.75,2085,1.0,563500
3,2.25,1780,2.0,350000
4,2.5,3060,2.0,826000
3,2.0,1700,1.0,225000
4,2.0,1330,1.0,235867
4,3.0,3060,2.0,399000
3,1.5,1220,1.0,177500
4,1.5,1600,1.0,224000
4,1.75,1530,1.5,302000
3,2.5,1980,1.0,760000
3,2.5,1730,1.0,460000
3,1.0,1170,1.0,415000
2,1.75,1950,1.0,669000
3,2.0,1470,1.0,254600
3,1.5,1400,1.0,357250
4,3.5,4040,2.0,910000
6,3.0,3110,1.5,725000
3,1.5,1490,1.5,670000
4,1.5,1770,2.0,440000
2,1.0,950,1.0,320000
4,2.5,2430,2.0,310000
4,2.5,2660,1.0,772650
4,2.5,2670,2.0,669950
5,3.5,2720,2.0,690000
4,2.5,3200,1.0,385000
3,2.5,2480,1.5,663000
3,2.25,1780,1.0,300000
2,1.75,1590,1.0,225500
3,2.0,1550,1.5,320000
3,2.75,2850,1.0,775000
3,2.75,2600,1.5,805000
4,1.0,1230,1.5,252750
5,2.0,2080,1.0,254000
6,3.5,3600,2.0,620000
4,2.75,2110,1.0,435000
4,2.5,2550,1.0,460000
3,2.5,1650,2.0,268000
2,1.5,1370,2.0,446000
2,1.0,1010,1.0,285000
3,2.0,2330,2.5,530000
2,1.0,620,1.0,402000
3,1.5,2450,1.0,358000
4,2.75,2530,1.0,354950
4,2.5,2220,2.0,405000
4,1.75,2110,1.0,568000
5,3.0,3690,1.0,575000
4,2.5,1940,1.0,315000
4,2.25,2070,2.0,280927
4,2.5,2160,1.0,440000
4,2.25,2600,1.0,270000
4,2.75,2880,1.5,755000
4,2.25,2260,2.0,289659
5,3.0,3640,2.0,555000
3,1.5,1530,1.0,450000
3,1.75,1440,1.0,495000
4,1.75,1720,1.0,580000
4,2.5,2480,1.0,560000
2,1.75,840,1.0,450000
3,2.0,2270,1.0,815000
4,2.5,2580,2.0,354000
3,1.75,1580,1.0,279900
2,1.0,950,1.0,339000
3,3.25,3740,2.5,710000
4,2.75,2620,1.0,815000
3,1.75,2080,1.0,800000
3,2.0,1660,1.0,638000
3,1.75,1520,1.0,475580
3,1.0,1140,1.0,243800
3,2.5,3240,2.0,600000
3,2.0,2460,1.0,620000
4,2.75,1750,1.5,750000
3,1.75,2430,2.0,626000
3,1.0,1060,1.0,230000
3,3.0,2410,2.0,537000
2,1.0,720,1.0,210000
3,1.75,1260,1.0,200500
3,1.0,1640,1.0,253500
3,1.0,1310,1.0,150000
3,1.5,2120,1.0,440000
3,1.75,3320,1.5,667000
3,1.0,1210,1.0,660000
3,2.75,2590,2.0,695000
4,2.5,2250,2.0,440000
3,1.0,1090,1.5,219500
3,1.5,1660,2.0,220000
2,1.0,1780,1.0,270000
4,3.5,3370,2.0,900000
4,2.5,2990,2.0,800000
5,2.0,2280,1.5,365000
5,2.75,2830,1.5,451000
2,1.0,920,1.0,202000
2,1.75,1240,1.0,471000
4,2.5,3230,1.0,827000
5,2.5,2500,1.0,235000
2,1.75,1390,1.0,216500
5,1.75,1940,1.5,359000
3,2.0,1900,1.0,252500
3,1.5,2380,1.0,370000
3,2.0,1480,1.0,663000
4,3.75,3460,2.0,971971
3,1.75,1444,1.5,420000
4,3.0,1930,1.0,330675
4,1.0,1200,1.5,240000
3,2.5,1769,2.0,334888
3,2.5,2490,2.5,414000
4,3.25,3060,2.0,782900
4,2.75,3030,2.0,525000
3,2.5,2370,2.0,429900
3,3.25,1370,2.0,390000
3,1.75,1500,1.0,224000
3,2.25,1715,2.0,257500
2,1.0,1110,1.0,665000
5,2.75,2400,2.0,327000
3,1.0,1520,1.5,425000
4,2.75,3190,2.0,687500
3,2.25,2400,1.5,672500
3,1.0,1060,1.0,140000
2,1.75,1220,1.0,215500
4,2.25,2020,1.0,464900
4,2.25,2300,1.0,417000
4,2.75,2300,1.0,453000
3,2.5,1660,2.0,700000
3,1.75,1650,1.0,259500
4,2.5,2110,1.0,460000
3,1.75,1960,1.0,561500
4,2.5,2770,2.0,641000
4,1.75,2440,1.0,330000
2,1.0,1320,1.0,447000
4,2.5,2570,2.0,320000
2,1.0,940,1.0,212700
2,1.0,700,1.0,260000
3,2.0,1400,2.0,410000
4,2.5,1890,2.0,355000
2,1.0,720,1.0,275500
3,1.75,2410,1.0,415000
3,2.5,1630,1.0,279000
5,1.75,2330,1.0,350000
2,2.25,1330,2.0,355000
4,2.25,3190,2.0,750000
3,1.75,1400,1.0,235000
3,1.0,970,1.0,209950
3,1.75,1010,1.0,230000
3,2.5,3580,1.5,725000
2,1.0,1050,1.0,430000
5,2.5,2500,1.0,661500
3,3.0,2630,2.0,738000
3,1.0,910,1.0,221000
3,2.5,2610,2.0,665000
3,2.5,1720,2.0,255000
3,1.75,2040,1.0,355000
5,2.5,3260,1.5,755000
3,1.5,1590,1.0,300000
4,1.0,1440,1.5,500000
2,1.0,900,1.0,191000
6,4.0,3120,2.0,315000
3,2.5,1060,2.0,415000
4,2.5,3000,2.0,394000
3,2.5,2230,2.0,490000
5,1.75,1890,1.5,523460
4,3.5,4150,2.0,550000
3,1.75,1780,1.0,342000
4,2.5,2710,2.0,560000
2,1.5,1640,1.5,710000
3,2.5,2570,2.0,399950
2,1.0,1500,1.0,480000
3,1.0,2710,2.0,410000
4,1.75,2860,1.0,530000
2,0.75,840,1.0,528000
4,2.5,2990,2.0,469900
5,1.0,1170,1.0,397000
3,1.5,1200,1.0,718500
2,1.0,1020,1.0,195000
2,1.0,910,1.0,285000
1,1.0,700,1.0,295000
4,1.75,2420,1.0,602000
3,1.75,1950,1.0,235000
4,2.5,3060,2.0,465000
4,1.0,1390,1.0,234000
2,1.5,1200,3.0,504200
3,2.5,2440,2.0,710000
3,3.25,2310,2.0,589500
3,2.75,2600,1.5,415000
3,2.25,1490,2.0,735000
3,2.5,2432,2.0,427000
4,2.75,3610,2.0,982000
4,3.0,2530,2.0,459000
4,2.75,2790,2.0,483453
3,3.0,1670,1.0,246950
1,1.5,1170,2.0,235000
4,2.0,1350,3.0,288790
2,1.75,1110,2.0,229800
1,1.25,1100,3.0,516500
3,1.0,1040,1.0,234000
2,1.75,1910,2.0,230000
4,1.0,1370,1.0,300000
3,1.5,1500,1.5,470000
3,1.0,1200,1.0,339900
2,1.0,1050,1.0,650000
5,2.5,2670,1.5,585000
4,2.5,2190,1.0,699900
4,2.5,3130,2.0,598000
3,2.5,1700,1.0,475000
3,1.75,1700,1.0,314500
3,3.5,1360,2.0,397000
3,2.0,1610,1.0,345000
5,2.75,2130,1.0,325000
3,1.0,1800,1.0,265000
4,2.75,2950,1.0,402000
3,2.25,2120,2.0,835000
4,2.5,3500,2.0,780000
3,2.0,1440,1.0,250000
2,2.5,1780,2.0,935000
2,1.0,960,1.0,300000
2,1.75,1510,1.0,419000
1,1.5,1010,1.0,410000
3,1.75,3600,2.0,461000
3,1.75,1300,1.0,385000
4,2.25,2500,1.5,669500
3,2.25,2090,1.0,491950
3,2.25,2070,1.5,560000
3,1.0,1320,1.0,370000
4,2.0,1360,1.0,263400
2,1.0,930,1.0,100000
3,2.5,1760,1.5,289950
3,1.75,1410,2.0,263000
4,2.5,2570,2.0,397500
3,2.75,1300,1.0,245000
3,1.0,1580,1.0,535000
4,2.5,2960,2.0,449000
4,3.0,2330,2.0,490000
4,2.25,2070,1.0,445800
2,1.0,970,1.0,345000
3,2.25,2310,2.0,327500
4,2.5,2290,2.0,436500
3,2.25,1720,1.0,550000
2,1.5,1190,1.0,441000
2,1.0,870,1.0,406500
2,1.5,1068,2.0,243000
4,2.75,2140,2.0,359500
4,2.5,3300,2.0,760000
5,3.25,2820,1.5,408000
4,3.0,2440,2.0,480000
4,1.5,1800,1.5,875000
3,1.0,1010,1.0,308000
4,2.75,3220,1.5,880000
2,1.0,1200,2.0,170000
3,2.25,1470,2.0,491500
3,2.5,2600,2.0,515000
4,1.5,2750,1.0,550000
2,1.0,1320,1.0,255000
3,2.5,3350,2.0,635000
3,2.5,2650,2.0,850000
2,2.0,1860,1.0,265000
3,1.0,960,1.0,349810
4,1.75,2010,1.0,972000
2,1.0,900,1.0,235000
4,2.5,2340,2.0,330000
4,3.0,3720,3.0,500000
3,2.0,1890,1.0,570000
3,2.5,1460,2.0,544000
3,2.5,3180,1.0,439000
4,2.25,1980,2.0,530000
2,2.0,1090,3.0,427500
4,2.5,2230,2.0,337000
4,2.0,1880,1.0,435000
5,3.0,2870,1.0,765000
4,1.75,2120,1.0,492650
4,2.5,2700,2.0,383962
4,2.5,3670,2.5,950000
3,2.5,1220,2.0,457000
4,2.5,3560,3.0,882566
4,3.25,3530,2.0,963000
4,2.5,2280,2.0,345000
3,3.5,3830,2.0,800000
3,2.0,2050,1.0,314500
3,2.5,3660,2.0,530000
4,2.5,3350,2.0,650000
3,2.0,1270,1.0,349500
3,1.0,1200,1.0,165050
3,2.5,2200,2.0,580000
3,2.5,1680,1.0,330000
5,3.5,3840,2.0,875000
2,1.0,950,1.0,500000
4,2.5,2280,2.0,445000
4,2.5,1970,2.0,274900
3,1.5,1620,1.0,219950
4,2.5,2600,2.0,691500
2,1.0,1250,1.0,459500
4,1.75,2130,1.5,955500
4,1.75,2550,1.0,328950
3,1.0,1150,1.5,307000
3,1.75,1040,1.0,382500
3,2.25,1640,2.0,478000
2,1.0,770,1.0,260000
4,3.25,4350,1.0,850000
4,1.75,1700,1.0,616000
3,1.75,2050,1.0,540000
3,2.25,1660,2.0,300000
3,1.75,1990,1.0,507500
3,2.0,1770,1.0,241000
3,2.25,2440,2.0,485000
3,2.5,2620,2.0,695000
4,2.5,2440,2.0,548000
2,1.0,1080,1.0,345000
3,1.0,1090,1.0,280000
3,1.75,1400,1.0,450000
3,2.5,2010,2.0,515000
5,2.5,3290,2.0,739900
2,2.5,2510,2.0,600000
2,1.0,860,1.0,370000
4,2.5,2840,1.0,729032
3,1.75,1750,2.0,510000
3,1.5,1300,1.0,425000
3,2.25,1460,3.0,337000
4,1.0,1410,1.5,563000
3,2.0,1190,1.5,245000
3,2.0,1410,1.0,590000
3,2.0,2500,1.5,695000
2,1.0,800,1.0,402500
3,2.5,2530,2.0,435000
3,2.0,2570,1.0,660000
3,2.75,2090,1.0,300000
5,2.25,2980,1.0,600000
3,1.75,1170,1.0,205000
3,3.5,2080,2.0,357500
2,2.5,1050,2.0,332888
2,1.0,900,1.0,174000
2,1.0,1050,1.0,515000
5,2.25,3740,1.5,392000
4,1.75,1430,2.0,485000
3,1.75,1400,1.0,217500
3,2.25,1600,2.0,502000
3,2.25,2880,2.0,820000
2,1.0,820,1.0,102500
5,5.5,5190,2.0,925000
4,2.5,2180,1.0,540000
2,1.0,910,1.5,600000
4,1.0,1580,1.5,406000
4,3.0,2130,1.0,620000
3,2.0,1240,1.0,401000
3,1.75,1860,2.0,725000
1,0.75,370,1.0,276000
5,3.25,3130,2.0,500000
3,1.75,2530,1.0,375000
3,2.25,1920,1.0,260000
4,2.5,2300,2.0,431000
4,2.5,1830,2.0,321000
4,1.5,1550,1.0,433000
4,3.5,4080,2.0,920000
3,2.25,1710,2.0,482000
3,2.5,2375,2.0,712000
4,2.75,2200,1.0,505000
3,1.75,1110,1.0,452000
4,1.0,1630,1.5,581000
4,1.5,2550,2.0,952500
4,2.25,2500,2.0,808000
4,3.0,2890,1.0,476000
4,1.75,1420,1.5,535000
3,2.5,2390,2.0,629800
4,2.5,2530,2.0,417838
4,2.5,2701,2.0,399895
4,2.75,3990,2.0,825000
4,2.5,2303,2.0,300000
2,2.25,1540,3.0,640000
3,2.5,1450,2.0,460000
2,2.5,1160,2.0,525000
4,2.75,2910,2.0,499990
5,2.25,2900,1.0,675000
3,1.75,1540,1.0,512031
2,1.0,700,1.0,310000
4,2.0,2430,1.0,255000
3,2.5,1900,2.0,435000
3,2.0,1660,1.0,453000
4,2.0,1620,2.0,260000
4,2.0,2090,1.0,659000
3,2.0,1110,1.0,223000
5,3.25,3760,2.0,851000
3,2.25,2080,1.0,605000
4,2.25,1950,1.0,895000
5,2.25,2570,1.0,519000
3,1.75,2330,1.0,535000
3,3.0,3700,2.0,489000
3,2.25,1920,1.0,250000
3,2.25,1900,1.5,580000
4,2.25,2940,1.0,605000
4,3.5,2500,2.0,599950
3,2.5,2490,2.0,700000
3,2.0,1470,1.0,480000
4,2.5,2120,2.0,329950
3,1.75,1200,1.0,250000
5,2.5,2450,2.0,345000
4,2.5,1780,2.0,175000
5,1.0,1590,1.5,185000
4,2.0,2370,2.0,411000
3,1.5,1760,2.0,690000
4,3.0,1940,1.0,265000
4,3.0,3550,1.5,720000
4,2.5,2050,2.0,256000
4,2.25,1680,2.0,255000
3,2.25,1320,2.0,540000
3,2.25,1550,2.0,481015
3,1.75,2680,1.0,575000
3,2.5,2390,1.0,339950
4,2.5,2040,2.0,475000
3,3.75,2670,2.5,732000
4,1.75,1880,1.5,860000
4,1.75,2400,1.5,389000
3,1.75,2270,1.0,645000
4,2.5,1850,2.0,475000
4,2.75,2160,1.0,550000
2,1.0,2160,1.0,305000
2,1.5,1570,1.5,782000
3,2.0,1340,1.5,545000
4,2.5,3002,2.0,394500
5,2.0,2190,1.0,600000
2,1.0,1010,1.0,300000
4,2.5,2105,2.0,330000
4,2.25,2430,1.5,723000
5,2.5,2160,2.0,480000
2,1.0,900,1.0,496000
3,3.0,1820,3.0,625000
4,2.0,2100,1.0,475000
3,2.25,1520,2.0,275250
2,1.0,1310,1.0,253000
4,2.5,2190,1.0,630000
5,2.5,2950,1.5,660500
5,1.0,1870,1.0,262000
3,2.5,1840,1.0,552000
2,1.0,1500,1.0,736000
3,1.75,1730,1.5,355000
3,1.0,1580,1.0,305000
4,2.5,1540,2.0,484998
2,1.5,830,2.0,334500
4,2.75,2620,2.0,475000
3,2.5,2242,2.0,309780
4,2.5,2890,2.0,795000
3,2.25,1450,2.0,274500
2,1.5,800,2.0,265050
3,2.5,2280,2.0,567500
3,4.5,3850,2.0,915000
5,2.5,2270,2.0,285000
3,2.5,2250,2.0,445838
4,1.75,2600,1.0,304900
4,2.0,2490,2.0,940000
4,4.25,4930,2.0,835000
3,1.0,1440,1.0,290000
3,1.75,1770,1.0,250000
4,2.5,2300,2.0,342000
4,2.25,2230,1.0,400000
3,1.75,1830,1.0,312500
3,1.0,1740,1.0,267000
3,1.75,1530,1.0,575000
3,1.5,1520,1.0,810000
3,2.5,3230,2.0,850000
3,1.75,1570,1.0,240000
4,1.75,2080,1.0,198000
4,2.5,2230,1.0,565000
8,2.75,2790,1.0,340000
4,2.5,3150,2.0,815000
5,3.0,2190,2.0,588000
4,2.5,1890,2.0,280500
4,2.0,1900,1.0,390000
2,1.5,1930,2.0,509000
3,2.5,3316,2.0,490600
3,1.5,1380,1.0,650000
3,4.0,2080,3.0,715000
3,1.0,1240,1.5,529950
3,1.0,1020,1.0,265000
3,2.0,2300,1.0,610000
4,2.5,2020,2.0,554729
5,1.75,1840,1.0,395000
3,1.0,1390,1.5,341000
4,2.25,2060,1.0,264500
4,2.75,2640,1.5,395000
3,2.25,1980,1.0,640000
3,1.5,1810,1.0,430000
4,2.5,1700,1.0,410000
4,1.0,1200,1.5,220000
2,2.75,1350,2.0,405500
4,2.5,2360,1.0,633000
2,1.0,1190,1.0,295950
4,2.5,2800,1.0,605000
2,1.5,920,2.0,255000
3,1.75,1530,2.0,474000
2,1.0,860,1.0,370000
3,2.5,1520,2.0,288000
2,0.75,660,1.0,100000
5,2.25,3000,2.0,600000
5,3.25,2740,1.0,515000
4,2.5,2040,2.0,345000
6,2.75,2520,2.0,975000
3,2.0,2470,2.0,850000
3,2.5,1930,2.0,439990
3,2.5,2950,2.0,554950
3,2.5,2610,2.0,605000
3,1.75,1630,3.0,609000
3,1.5,1400,3.0,425000
2,1.75,1410,1.5,399900
4,3.0,2590,2.0,519995
3,1.5,1300,1.0,625000
3,2.5,2320,2.0,600000
4,3.0,3130,1.5,671000
3,1.75,1470,1.0,459500
3,2.5,1540,3.0,499000
3,1.75,1480,1.0,395000
5,2.75,3595,2.0,861990
2,1.0,1190,1.0,382500
4,2.25,2340,1.0,404950
3,1.75,1320,1.0,530000
2,1.0,1190,1.0,195000
4,2.25,2350,2.0,747500
3,1.0,1100,1.0,199990
4,1.0,1660,1.5,548800
4,3.0,3040,1.5,870000
3,2.0,1860,2.0,588000
4,3.25,4100,2.0,775000
6,3.0,4050,2.0,670000
2,2.0,1240,2.0,445000
4,3.0,2200,1.0,300000
3,2.25,1680,1.0,480000
3,1.0,930,1.5,300000
3,1.5,1800,2.0,360000
6,3.5,3000,1.0,527000
3,1.5,1820,1.0,875000
4,2.25,1995,2.0,266000
4,3.25,3990,2.0,866000
2,1.5,800,1.0,335950
3,1.0,960,1.0,215000
4,2.5,2286,2.0,481000
3,1.75,2220,1.0,320000
3,1.75,1940,1.5,295000
3,1.5,1640,2.0,295000
3,1.0,1120,1.0,320000
4,2.0,2600,1.0,780000
3,2.0,1490,2.0,437500
5,1.75,1650,1.5,443000
4,2.5,2400,2.0,575000
2,1.0,1500,1.0,245000
3,2.5,1990,2.0,450000
2,1.5,1130,2.0,536000
3,3.25,2030,2.0,685000
4,1.75,1590,2.0,373000
3,1.75,1480,1.0,450000
4,2.5,2690,2.0,645000
3,1.0,1390,1.0,230000
3,2.75,1830,2.0,593000
2,2.0,1580,1.0,558000
3,2.25,2590,2.0,538250
5,2.5,2510,1.0,475000
3,1.5,1180,1.0,209950
3,2.25,1450,2.0,410000
5,2.5,2860,2.0,670000
3,2.75,2760,1.0,821000
5,2.0,2800,1.0,665000
3,2.5,1450,2.0,339000
4,2.0,2530,1.5,631500
3,2.0,1640,1.0,570000
3,1.75,2220,1.0,437000
3,2.5,2040,2.0,542500
3,1.0,1230,1.0,229500
2,1.0,1060,1.0,170500
3,2.5,1920,2.0,391500
3,2.5,1520,2.0,296475
3,2.5,3540,2.0,888550
3,2.0,2250,1.5,328000
4,2.5,2090,2.0,300000
3,2.5,1720,2.0,500000
3,2.5,1910,2.0,494815
3,2.5,1601,3.0,378000
2,2.25,1060,2.0,505000
4,2.75,2330,2.0,680000
3,2.5,2370,2.0,351999
3,2.5,1420,3.0,510000
2,1.5,1260,2.0,374000
3,2.5,3030,2.0,509900
3,1.75,1140,2.0,230000
5,2.5,2820,1.0,527700
2,2.0,1270,3.0,438000
3,2.5,3180,2.0,900000
4,2.25,2570,2.0,439000
2,1.0,1080,1.0,315000
4,4.0,3010,2.0,765000
3,2.25,2120,1.0,332000
3,2.25,1900,1.5,600000
3,2.5,2860,2.0,378500
3,1.0,910,1.0,190000
4,2.5,2850,2.0,645000
2,2.5,2560,2.0,780000
3,1.75,1570,2.0,370000
4,3.5,3110,2.0,875000
3,1.0,1340,1.0,479000
4,2.25,2600,1.0,245000
3,1.75,1070,1.0,542000
3,2.25,1820,2.0,557500
2,1.0,1060,1.0,480000
3,2.25,2220,1.0,330000
3,1.0,1350,1.5,160000
5,2.75,2510,1.0,695500
5,2.5,2340,1.0,235500
3,1.0,1060,1.0,326500
4,2.5,2200,2.0,300000
3,1.0,1400,1.5,267000
3,1.5,1520,1.0,292600
5,3.0,1810,2.0,362000
2,1.75,1210,2.0,357562
3,2.5,3420,1.0,789900
3,2.5,1810,2.0,513000
3,2.25,2760,1.0,336000
4,2.25,1950,1.0,560000
4,2.25,2060,1.0,410000
3,1.0,1650,1.0,371500
4,1.75,2100,1.0,368000
4,3.0,3720,1.0,650000
4,2.5,1920,2.0,308950
3,2.0,1860,2.0,440000
2,2.5,2290,2.0,630000
3,1.75,1200,1.0,228950
4,3.5,5270,2.0,782000
3,2.5,1600,2.0,245000
4,2.5,2560,2.0,410000
2,1.0,880,1.0,427550
2,1.0,1020,1.0,235000
3,2.0,960,1.0,210000
4,2.25,1900,1.0,485000
3,2.0,1320,1.5,410000
4,2.75,2230,1.0,435000
3,1.0,1150,1.0,300000
4,3.5,3440,2.0,455000
3,1.0,1070,1.0,210000
4,2.5,1910,1.0,458400
3,1.75,1180,1.0,390000
3,1.0,1400,1.0,148226
4,3.0,3580,2.5,711600
3,2.75,3176,2.0,819000
2,2.0,1170,1.5,613000
2,2.0,1570,1.0,592350
3,1.5,1460,1.0,232000
3,1.75,1140,1.0,250000
1,2.0,1150,1.0,115000
4,2.5,2630,2.0,585000
3,2.25,1940,1.0,580000
1,1.0,850,1.0,165000
3,2.0,1550,1.0,430000
3,2.25,2090,1.0,383000
3,1.0,1320,1.5,201500
4,2.5,3220,2.0,690000
2,1.0,800,1.0,325000
3,1.75,1660,1.0,375000
4,2.5,2250,2.0,600000
3,2.25,2120,1.0,340000
4,2.75,2310,3.0,890000
4,1.75,1920,2.0,415000
3,1.75,1550,1.0,255000
2,2.5,1785,2.0,530000
3,1.5,1830,1.0,468000
5,2.75,3500,2.0,970000
3,2.0,2560,1.0,599000
4,1.75,1360,1.5,399500
2,1.0,810,1.0,325000
4,1.75,2790,1.0,568000
2,1.5,1920,1.0,517000
4,2.75,2530,2.0,469950
3,1.75,2050,1.0,623000
4,2.25,2410,2.0,720000
3,1.0,1180,1.0,205000
2,1.0,630,1.0,148000
3,2.5,3480,1.0,950000
3,1.5,1010,1.5,405000
3,2.25,1910,2.0,293000
3,3.5,2490,2.0,550000
4,2.5,2150,2.0,435000
4,2.75,3000,2.0,355000
3,2.75,2830,2.0,673000
4,2.5,2680,2.0,449990
2,1.5,1090,2.0,249000
4,2.5,1984,1.0,380000
4,2.75,3090,2.0,760005
4,2.5,2610,2.0,674600
4,3.5,3370,2.0,812000
4,2.5,2250,2.0,333490
3,3.25,1450,2.0,320000
4,2.5,3130,2.0,999000
2,2.75,2700,1.0,810000
5,2.75,1970,1.0,399950
3,2.0,1970,2.0,550000
3,1.5,1950,1.0,290000
3,1.5,1940,1.0,232500
3,2.5,2500,2.0,565000
4,2.75,2910,1.0,749950
4,2.5,3350,2.0,720500
3,1.75,2140,1.0,507000
5,4.5,4030,2.0,989000
4,2.5,1980,2.0,463000
3,1.5,1460,1.0,310000
4,1.75,1880,1.0,284000
3,1.75,2320,2.0,737500
3,3.25,2220,1.5,569000
3,1.0,1410,2.0,700000
3,1.0,1240,1.0,660000
4,2.0,2030,2.0,275000
6,3.75,4000,2.0,570000
3,0.75,490,1.5,150000
3,2.5,1590,2.0,356000
3,2.5,2630,2.0,610000
2,1.75,1350,1.0,498800
3,1.0,990,1.0,226550
4,2.75,3710,2.0,692500
3,1.0,990,1.0,250000
4,2.5,2510,2.0,660000
2,1.0,800,1.0,295000
4,1.0,1600,1.0,154950
5,3.25,3320,2.0,409124
5,1.5,1730,1.0,287000
4,1.75,2000,1.0,810000
4,2.75,2910,1.0,525000
4,1.75,1710,1.0,525000
3,1.0,1200,1.0,275000
3,2.5,2600,2.0,583000
2,1.75,1460,1.0,237950
4,2.75,2100,1.5,679000
3,1.75,1660,1.0,410000
3,1.0,1450,1.0,306000
4,1.5,1860,1.5,215000
4,2.5,2720,2.0,594950
3,1.5,1800,1.0,305000
2,1.0,1320,1.0,425000
3,1.75,1770,1.0,215000
5,2.75,2550,1.0,480000
4,1.75,2150,1.0,550000
4,2.5,3020,2.0,750000
3,1.0,960,1.0,137124
3,2.0,2783,2.0,840000
3,2.0,2250,1.0,624800
3,1.75,1710,1.0,630000
3,2.5,2650,1.0,590000
3,3.25,1830,3.0,599950
3,2.5,1460,2.0,299880
3,2.0,1760,1.0,400000
3,2.5,1960,2.0,560000
4,2.25,2010,1.0,229000
4,2.5,3670,2.0,525000
2,2.25,2290,1.0,737000
3,2.0,1780,1.0,680000
4,2.5,3080,2.0,635000
4,2.5,3360,2.0,740000
3,1.0,1370,2.0,335500
4,2.5,1660,1.0,270000
5,2.5,2850,1.0,450000
3,2.5,1530,2.0,379000
4,2.5,2100,1.0,468000
1,1.0,730,1.0,321500
3,2.25,1920,2.0,443000
3,1.0,1600,1.0,340000
4,2.25,2380,2.0,470000
3,2.5,2760,2.0,545000
4,1.5,1840,1.5,415000
7,2.5,2580,1.0,599000
4,1.75,2100,1.0,759000
4,1.75,1820,1.0,300000
3,1.5,1550,1.0,359000
4,1.0,1440,1.5,550000
2,1.0,930,1.0,395000
4,2.5,3560,2.0,486000
2,1.0,840,1.0,187000
4,3.25,4280,2.0,734950
3,1.5,1500,1.0,284000
4,3.5,3650,2.0,696000
2,1.0,780,1.0,380000
4,1.0,1600,1.5,625000
4,1.75,1120,1.0,252000
2,1.0,1010,1.0,560000
4,2.75,1970,1.0,395000
4,2.5,2230,2.0,900000
3,1.75,3160,1.0,625000
3,1.75,1850,1.0,580000
3,2.25,1980,1.0,309000
4,3.5,3360,2.0,412000
3,2.0,2660,1.0,495000
3,1.0,1200,1.0,215000
2,2.5,2150,1.0,741500
3,2.75,2820,2.0,749000
4,2.75,3510,2.0,659950
3,2.5,1790,2.0,530000
4,2.75,2700,2.0,749000
4,3.25,3730,2.0,595000
4,2.5,2540,2.0,487000
4,2.25,3300,3.0,760000
4,2.5,2550,2.0,435000
3,2.25,1390,3.0,374950
3,1.5,1270,3.0,440000
4,2.5,2380,2.0,360000
4,2.5,3360,2.0,879000
2,1.0,1240,1.0,505000
2,2.0,2930,1.0,545000
2,2.5,2410,1.0,600000
6,2.75,2980,1.5,775000
2,1.75,1950,1.0,725000
4,2.75,2600,1.0,610000
4,1.0,1170,1.5,350000
3,1.0,1470,1.0,410000
4,2.0,1840,1.0,639000
4,2.0,1560,1.0,439000
4,1.75,1520,1.0,499950
3,2.75,2220,2.0,800000
4,2.5,2800,2.0,350000
2,1.0,670,1.0,279000
3,2.25,1720,2.0,290256
3,2.5,2110,2.0,355000
3,1.75,1580,1.0,263000
6,2.5,2640,2.0,880000
4,2.5,2700,2.0,426500
3,2.5,2820,2.0,735000
4,2.5,3340,2.0,720000
3,2.5,1530,2.0,265000
4,3.5,3840,2.0,840000
3,2.0,2320,1.0,657500
5,2.0,2310,1.5,850000
3,2.5,1770,3.0,436110
2,3.0,3160,2.0,589900
3,1.5,1620,1.0,620000
4,2.0,1510,1.0,254000
3,1.75,960,1.0,375000
4,2.25,1740,1.0,455000
4,2.0,1470,1.0,445000
4,2.5,2460,2.0,568500
3,1.75,1170,1.0,352500
2,1.75,1210,1.0,342500
3,2.5,1870,2.0,299950
3,2.5,1950,2.0,425000
4,2.5,2570,2.0,561000
3,2.0,1460,1.0,455500
3,2.5,2970,1.0,400000
4,2.5,2040,2.0,443500
4,2.75,3150,1.0,370000
3,2.25,1820,1.0,475000
4,2.5,2130,1.0,580000
3,1.5,1430,1.0,518000
3,2.5,2030,2.0,525000
4,2.75,2000,2.0,236000
4,2.25,1940,2.0,278500
2,1.75,880,1.0,205425
3,1.0,950,1.0,248000
3,2.25,1670,2.0,505000
3,2.5,2670,2.0,657500
3,2.5,2700,2.0,670000
1,1.0,590,1.0,202000
4,2.25,2160,1.0,440000
4,2.5,2700,2.0,690000
6,2.25,3206,2.0,375000
3,1.75,1560,1.0,291000
3,1.75,1400,1.0,230000
4,3.25,3090,2.0,850000
4,2.0,2630,2.0,84350
4,2.75,3260,1.0,188000
2,1.0,780,1.0,7800
4,2.5,2200,2.0,237227
3,1.0,1340,1.0,117833
4,2.5,2800,1.0,744312
3,3.5,3020,2.0,439333
3,2.25,1970,1.0,280000
3,2.0,1570,1.0,176225
3,2.5,2280,2.0,500324
3,2.5,1600,2.0,444845
3,3.0,1680,3.0,330000
3,1.75,1890,1.0,292285
2,1.0,520,1.0,160000
3,2.25,1780,2.0,274333
4,3.0,2920,1.0,537500
3,2.25,2430,1.0,232333
3,2.75,3010,2.0,237333
3,1.0,1620,1.5,346750
3,1.5,1770,1.0,254000
3,1.0,1830,1.0,238750
4,2.5,2380,2.0,268971
4,2.5,2550,1.0,642000
3,2.5,3720,2.0,571986
3,2.5,1490,3.0,554250
4,1.5,1590,1.0,107500
3,2.0,1510,1.0,300000
3,2.0,1640,1.0,540833
4,2.5,1840,2.0,274750
3,1.0,1040,1.0,148612
3,1.0,1250,1.0,326428
4,1.0,1530,1.5,135333
4,2.5,2110,2.0,577437
3,1.75,2150,1.0,440825
5,3.75,5340,2.5,195000
4,1.75,2420,1.0,257500
4,3.25,5010,2.0,692000
2,1.0,910,1.0,176400
3,1.5,2200,1.5,193000
4,2.5,3430,2.0,646212
4,2.5,1860,1.0,268971
3,1.75,1280,1.0,317061
3,2.0,1490,1.0,83300
4,1.0,1310,1.5,266066
4,2.5,1980,2.0,342246
4,2.25,1720,1.0,240015
3,2.0,1370,1.0,83300
4,3.0,4060,1.0,316850
4,2.5,1960,2.0,259585
4,2.5,1720,1.0,328211
4,2.5,2740,2.0,673476
3,2.5,1870,2.0,425000
2,1.0,720,1.0,127160
3,2.25,2180,2.0,341750
3,1.5,1430,1.0,178650
2,1.0,780,1.0,87500
3,1.0,1180,1.5,282508
3,2.0,1300,1.0,450385
4,3.0,4260,2.0,435000
2,1.75,2050,1.0,532500
3,1.75,2930,1.0,408900
2,1.0,1500,1.5,156766
5,3.5,5960,2.0,452500
2,1.0,810,1.0,308830
4,2.75,2320,2.0,484991
2,1.0,1090,1.0,287919
2,1.0,1000,1.0,247875
3,2.5,2260,2.0,309487
4,1.0,1290,1.5,173666
3,2.0,2120,1.0,237481
3,2.25,1490,2.0,326983
4,2.5,2310,2.0,790000
3,2.5,1840,1.0,678333
5,2.75,2910,1.0,542804
4,2.75,3270,2.0,723243
5,2.75,3040,2.0,667781
3,1.0,1200,1.0,108333
4,2.25,2290,2.0,535000
4,2.0,2580,1.0,596165
3,1.75,1590,1.5,269187
3,1.0,1040,2.0,148612
5,2.75,2670,2.0,341166
4,1.0,1540,1.5,132500
4,2.75,3370,2.0,557125
3,1.75,1730,1.0,228944
3,2.5,1640,2.0,592105
4,2.25,2980,1.5,535000
3,2.0,1330,1.0,420642
4,2.25,2192,2.0,132250
4,2.5,2068,2.0,237227
3,1.75,1980,1.0,440825
2,1.0,890,1.0,423050
3,2.5,3080,2.0,315368
4,2.25,2070,2.0,417985
4,2.75,3010,2.0,723243
4,2.0,2030,1.0,259950
3,2.75,2340,1.0,237333
3,2.5,2340,2.0,426090
2,1.0,1470,1.0,458663
4,2.5,3700,1.0,812650
4,1.0,1200,1.5,135333
3,1.75,1590,1.5,387884
5,3.5,3690,2.0,437500
3,2.5,2480,2.0,641633
4,2.5,2683,2.0,681965
2,1.0,1100,1.0,229629
3,2.5,2210,1.0,210614
4,3.25,2420,1.5,790000
3,3.5,1240,2.0,435500
3,2.5,2300,1.5,738190
3,1.75,1760,1.0,497333
3,2.0,2020,1.0,300000
2,1.0,760,1.5,163785
4,1.75,1580,1.0,351250
3,2.5,2670,2.0,645325
3,1.0,1140,1.0,171224
3,2.75,2750,1.0,540000
3,2.0,1570,2.0,233166
3,1.75,1160,1.0,329333
3,2.25,2110,1.0,225279
3,2.5,1270,2.0,331366
4,2.5,3250,2.0,460886
2,1.0,940,1.0,337945
3,1.0,1130,1.0,243069
4,2.5,3210,2.0,690408
3,2.5,2650,2.0,592105
3,1.75,1150,1.0,220083
3,3.0,3910,2.0,280000
4,2.5,3490,2.0,297857
5,3.0,3330,2.0,950833
4,1.0,1940,1.5,323833
3,2.5,1800,2.0,309000
3,1.75,1880,1.0,248400
4,2.25,2870,1.5,994500
5,2.5,3390,1.0,288500
2,1.0,880,1.0,379509
2,1.0,2550,1.0,180785
4,2.5,3160,2.0,950100
5,2.75,3831,2.0,542500
2,1.75,1240,1.5,362750
4,2.75,2520,2.0,234975
4,2.25,2420,2.0,672500
4,1.75,1250,1.0,391400
3,1.0,1410,1.0,198995
3,1.0,990,1.0,278900
3,1.0,1000,1.0,171758
3,1.75,2000,1.0,325187
2,1.0,1120,1.0,190368
5,3.25,3370,2.0,375000
3,2.75,2210,2.0,216000
3,2.5,1150,3.0,360500
4,2.5,2150,2.0,677099
4,2.75,4230,2.0,405125
3,1.75,1570,1.0,289987
3,2.5,1630,1.0,264270
4,2.5,2770,2.0,602761
3,1.0,1750,1.0,251555
3,1.5,1090,1.0,214750
2,1.0,930,1.0,258125
4,2.5,2540,2.0,677099
1,1.0,690,1.0,167500
4,3.0,2370,1.5,471500
2,1.0,840,1.0,464600
4,2.25,1830,2.0,132250
3,2.25,1370,3.0,433111
5,2.75,2520,1.0,542500
4,2.5,2590,2.0,368112
4,2.5,1820,2.0,673476
3,2.5,1530,1.5,558653
2,1.0,1050,1.5,168333
4,2.5,1954,2.0,268971
2,1.75,1530,1.0,318000
4,2.0,1660,1.5,550607
3,1.75,1490,2.0,584000
3,3.0,2470,2.0,245000
2,1.0,870,1.0,287919
4,2.25,2110,2.0,672500
2,1.75,1990,1.0,454790
3,1.0,1560,1.0,282508
3,1.5,1740,1.5,473200
2,1.0,1290,1.0,406062
4,2.0,1700,1.0,282766
3,1.75,1880,1.0,486445
3,1.0,1890,1.5,486895
3,2.25,1620,3.0,430277
2,1.0,770,1.0,229629
3,1.0,1040,1.0,182805
4,2.5,2620,2.0,380680
3,1.75,1880,1.0,396166
4,2.5,2530,2.0,252980
3,2.5,2538,2.0,289373
3,2.5,1610,2.0,210614
3,1.75,1510,1.0,308166
3,2.5,1460,2.0,534333
3,2.5,3010,2.0,416904
4,2.0,2090,1.0,203400
3,2.5,1490,2.0,220600
